time,latitude,longitude,depth,mag,place
2016-11-25T14:24:29.800Z,39.2378,74.0472,12.57,6.6,Tajikistan
2016-11-24T18:43:48.830Z,11.9597,-88.8355,10.34,7,El Salvador
2016-11-21T20:59:49.010Z,37.3917,141.4025,11.35,6.9,Japan
2016-11-20T20:57:43.980Z,-31.6428,-68.7645,115.79,6.4,Argentina
2016-11-14T00:34:22.530Z,-42.5856,173.2838,10,6.5,New Zealand
2016-11-13T13:31:26.630Z,-42.2914,173.6933,8.29,6.2,New Zealand
2016-11-13T11:52:45.040Z,-42.1774,173.6172,14.13,6.1,New Zealand
2016-11-13T11:32:08.970Z,-42.2379,173.6045,24,6.5,New Zealand
2016-11-13T11:02:59.070Z,-42.7249,173.0642,22,7.8,New Zealand
2016-11-11T21:42:59.300Z,38.4993,141.5611,44.83,6.2,Japan
2016-11-04T16:20:43.940Z,-35.1033,-70.9964,90.79,6.4,Chile
2016-10-30T06:40:19.200Z,42.8547,13.0884,10,6.6,Italy
2016-10-27T20:32:56.070Z,-33.7804,-72.5077,14.14,6,Chile
2016-10-26T19:18:08.410Z,42.9541,13.0639,10,6.1,Italy
2016-10-26T05:19:50.510Z,-15.54,-174.8724,10,6.1,Tonga
2016-10-21T05:07:23.010Z,35.3676,133.8148,5.7,6.2,Japan
2016-10-19T00:26:01.090Z,-4.8626,108.1627,614,6.6,Indonesia
2016-10-17T06:14:58.270Z,-6.0033,148.8871,42,6.8,Papua New Guinea
2016-10-15T08:03:38.140Z,-4.2701,150.3605,442,6.3,Papua New Guinea
2016-09-24T21:28:41.700Z,-19.7819,-178.2443,596.4,6.9,Fiji
2016-09-24T21:07:15.790Z,-18.1706,-174.984,202,6.4,Tonga
2016-09-23T22:53:10.400Z,6.5717,126.4918,65,6.3,Philippines
2016-09-23T00:14:34.700Z,34.4619,141.6368,10,6.2,Japan
2016-09-20T16:21:16.550Z,30.5017,142.0478,9,6.1,Japan region
2016-09-17T01:20:17.940Z,-2.0829,140.5718,9,6,Indonesia
2016-09-14T07:25:00.070Z,-9.329,159.1673,14,6,Solomon Islands
2016-09-14T01:58:31.570Z,7.3736,-76.1686,18,6,Colombia
2016-09-10T10:08:20.020Z,-5.573,-76.9536,121,6.1,Peru
2016-09-08T21:46:20.100Z,-54.6136,158.7126,10,6.1,Australia
2016-09-05T22:54:03.930Z,54.4153,168.5415,8,6.1,Russia
2016-09-01T17:14:06.060Z,-37.0522,178.9291,13.73,6.1,New Zealand
2016-09-01T16:37:57.300Z,-37.3586,179.1461,19,7,New Zealand
2016-08-31T03:11:34.420Z,-3.6849,152.7915,476,6.8,Papua New Guinea
2016-08-29T04:29:57.860Z,-0.0456,-17.8255,10,7.1,North of Ascension Island
2016-08-24T10:34:54.580Z,20.9228,94.569,82,6.8,Burma
2016-08-24T01:36:32.870Z,42.723,13.1877,4.44,6.2,Italy
2016-08-23T19:39:44.580Z,-7.2872,122.4345,533,6,Indonesia
2016-08-21T03:45:23.780Z,-55.3133,-31.7508,12,6.1,South Georgia Island region
2016-08-20T09:01:26.210Z,40.3942,143.6796,10,6,Japan
2016-08-19T07:32:22.710Z,-55.2852,-31.8766,10,7.4,South Georgia Island region
2016-08-18T18:09:43.940Z,-55.9035,-123.2414,10,6,Southern East Pacific Rise
2016-08-12T03:29:32.710Z,-25.1758,-177.3433,112.85,6.1,South of the Fiji Islands
2016-08-12T01:26:36.280Z,-22.4765,173.1167,16.37,7.2,New Caledonia
2016-08-04T16:24:33.530Z,24.9447,142.0141,510,6.3,Japan
2016-08-04T14:15:12.930Z,-22.3343,-66.0078,270,6.2,Argentina
2016-07-29T21:18:24.740Z,18.5429,145.5073,196,7.7,Northern Mariana Islands
2016-07-25T19:38:45.560Z,-2.969,148.0345,14,6.4,Papua New Guinea
2016-07-25T17:26:50.210Z,-26.1067,-70.5111,72,6.1,Chile
2016-07-20T15:13:16.520Z,-18.9285,169.0547,167,6.1,Vanuatu
2016-07-13T12:11:12.830Z,-28.0052,-176.443,12,6.3,New Zealand
2016-07-11T02:11:04.800Z,0.5812,-79.638,21,6.3,Ecuador
2016-07-10T13:44:40.680Z,-15.083,-173.2011,8,6,Tonga
2016-06-30T11:30:33.050Z,-16.0558,167.4701,27,6,Vanuatu
2016-06-26T11:17:11.280Z,39.4793,73.3388,13,6.4,Kyrgyzstan
2016-06-21T17:12:07.370Z,-3.4199,151.8796,354,6.3,Papua New Guinea
2016-06-21T16:26:34.420Z,22.6582,-45.1402,10,6.1,Northern Mid-Atlantic Ridge
2016-06-20T03:50:55.240Z,-20.2072,168.7595,15,6,Vanuatu
2016-06-19T09:47:23.600Z,-20.2793,169.0737,13,6.3,Vanuatu
2016-06-14T13:49:22.630Z,-18.7609,168.8279,111,6.2,Vanuatu
2016-06-10T04:17:44.840Z,-8.6757,160.559,30.4,6.2,Solomon Islands
2016-06-10T03:25:22.920Z,12.8318,-86.9633,10,6.1,Nicaragua
2016-06-09T04:13:08.130Z,-11.2487,116.2669,19,6.1,Indonesia
2016-06-07T19:15:15.330Z,1.2789,126.3712,31,6.3,Indonesia
2016-06-07T10:51:37.720Z,18.3637,-105.1731,10,6.3,Mexico
2016-06-06T02:35:32.390Z,-30.0235,-177.8359,43.83,6.1,New Zealand
2016-06-05T16:25:33.540Z,-4.587,125.6264,429.62,6.3,Indonesia
2016-06-01T22:56:00.800Z,-2.0967,100.6654,50,6.6,Indonesia
2016-05-31T05:23:47.310Z,25.5615,122.5458,246.4,6.4,Taiwan
2016-05-28T09:46:59.780Z,-56.2409,-26.9353,78,7.2,South Georgia and the South Sandwich Islands
2016-05-28T05:38:50.550Z,-21.9724,-178.2038,405.69,6.9,Fiji
2016-05-27T04:08:43.950Z,-20.8101,-178.6481,567.48,6.4,Fiji
2016-05-20T18:14:04.670Z,-25.5655,129.8841,10,6,Australia
2016-05-18T16:46:43.860Z,0.4947,-79.616,29.95,6.9,Ecuador
2016-05-18T07:57:02.650Z,0.4261,-79.7899,16,6.7,Ecuador
2016-04-29T01:33:38.910Z,10.2752,-103.7363,10,6.6,Northern East Pacific Rise
2016-04-28T19:33:24.070Z,-16.0429,167.3786,24,7,Vanuatu
2016-04-27T12:51:19.440Z,14.5178,-93.0882,16,6,Mexico
2016-04-25T07:07:08.600Z,14.479,-93.1509,16,6,Mexico
2016-04-22T03:03:41.720Z,-0.2921,-80.5039,10,6,Ecuador
2016-04-20T08:35:10.620Z,0.7079,-80.0352,10,6,Ecuador
2016-04-20T08:33:47.330Z,0.639,-80.2104,14,6.2,Ecuador
2016-04-19T05:25:39.940Z,-55.7283,-27.2307,14,6.2,South Georgia and the South Sandwich Islands
2016-04-16T23:58:36.980Z,0.3819,-79.9218,20.59,7.8,Ecuador
2016-04-15T16:25:06.220Z,32.7906,130.7543,10,7,Japan
2016-04-15T14:11:26.430Z,13.4008,-92.367,22.41,6.1,Guatemala
2016-04-14T21:50:27.680Z,-14.5284,166.4334,16,6.4,Vanuatu
2016-04-14T15:03:47.240Z,32.6973,130.7204,8,6,Japan
2016-04-14T12:26:35.730Z,32.788,130.7042,9,6.2,Japan
2016-04-13T18:21:52.730Z,7.7917,122.0231,17,6,Philippines
2016-04-13T13:55:17.800Z,23.0944,94.8654,136,6.9,Burma
2016-04-10T10:28:58.720Z,36.4725,71.1311,212,6.6,Afghanistan
2016-04-07T03:32:53.500Z,-13.9805,166.5943,27.59,6.7,Vanuatu
2016-04-06T14:45:29.620Z,-8.2036,107.3857,29,6.1,Indonesia
2016-04-06T06:58:48.210Z,-14.0683,166.6245,24,6.7,Vanuatu
2016-04-03T08:23:52.320Z,-14.3235,166.8551,26,6.9,Vanuatu
2016-04-01T19:24:55.370Z,-3.3585,144.887,6,6.2,Papua New Guinea
2016-03-20T22:50:20.430Z,54.294,162.8129,30,6.4,Russia
2016-03-19T11:26:33.230Z,17.996,-60.7019,26,6,Barbuda
2016-03-19T01:35:12.170Z,51.5145,-174.1423,17,6,Alaska
2016-03-12T18:06:44.760Z,51.5648,-173.9423,19,6.3,Alaska
2016-03-02T12:49:48.110Z,-4.9521,94.3299,24,7.8,Indonesia
2016-02-27T21:29:43.570Z,-51.7897,139.5956,10,6.1,Western Indian-Antarctic Ridge
2016-02-22T06:36:59.400Z,-30.4242,-72.2967,12,6,Chile
2016-02-17T17:26:02.210Z,0.8597,129.0605,9,6,Indonesia
2016-02-16T23:48:35.680Z,-55.7841,-125.1659,13,6.1,Southern East Pacific Rise
2016-02-15T15:02:32.890Z,-20.9981,-175.4788,10,6,Tonga
2016-02-12T10:02:24.050Z,-9.6338,119.4013,28,6.3,Indonesia
2016-02-10T00:33:05.340Z,-30.5723,-71.5838,29,6.3,Chile
2016-02-08T16:19:12.780Z,-6.6207,154.7421,29,6.4,Papua New Guinea
2016-02-05T19:57:27.380Z,22.9375,120.6014,23,6.4,Taiwan
2016-02-01T19:00:46.280Z,-30.7539,-179.9504,391,6.2,New Zealand
2016-01-31T17:38:59.950Z,-63.263,169.1485,10,6.1,Balleny Islands region
2016-01-30T03:25:12.220Z,53.9776,158.5463,177,7.2,Russia
2016-01-26T03:10:20.750Z,-5.2952,153.2454,26,6.1,Papua New Guinea
2016-01-25T04:22:02.730Z,35.6493,-3.6818,12,6.3,Morocco
2016-01-24T10:30:30.230Z,59.6363,-153.4051,129,7.1,Alaska
2016-01-21T18:06:57.650Z,18.8239,-106.9337,10,6.6,Mexico
2016-01-14T03:25:33.640Z,41.9723,142.781,46,6.7,Japan
2016-01-14T03:25:28.270Z,-19.7597,-63.3288,582.56,6.1,Bolivia
2016-01-11T17:08:03.920Z,44.4761,141.0867,238.81,6.2,Japan
2016-01-11T16:38:05.900Z,3.8965,126.8621,13,6.5,Philippines
2016-01-05T09:34:14.620Z,-54.2906,-136.2603,10,6,Pacific-Antarctic Ridge
2016-01-03T23:05:22.270Z,24.8036,93.6505,55,6.7,India
2016-01-01T02:00:39.950Z,-50.5575,139.4489,10,6.3,Western Indian-Antarctic Ridge
2015-12-25T19:14:47.190Z,36.4935,71.1263,206,6.3,Afghanistan
2015-12-24T19:44:03.130Z,-55.755,-123.1158,12.28,6.2,Southern East Pacific Rise
2015-12-20T18:47:36.610Z,3.6455,117.6359,14,6.1,Indonesia
2015-12-19T02:10:53.360Z,-18.3819,169.3857,10,6,Vanuatu
2015-12-17T19:49:53.050Z,15.8015,-93.633,85,6.6,Mexico
2015-12-09T12:58:01.780Z,-16.7374,175.2475,10,6.1,Fiji
2015-12-09T10:21:48.530Z,-4.1064,129.5079,21,6.9,Indonesia
2015-12-07T07:50:05.950Z,38.2107,72.7797,22,7.2,Tajikistan
2015-12-04T22:25:00.110Z,-47.6165,85.0913,35,7.1,Southeast Indian Ridge
2015-11-27T21:00:22.920Z,-24.828,-70.6009,34,6.2,Chile
2015-11-26T05:45:18.400Z,-9.1825,-71.2574,602.75,6.7,Brazil
2015-11-24T22:50:54.370Z,-10.0598,-71.0184,620.56,7.6,Brazil
2015-11-24T22:45:38.880Z,-10.5372,-70.9437,606.21,7.6,Peru
2015-11-24T13:21:35.730Z,18.7787,145.2659,586.88,6,Northern Mariana Islands
2015-11-21T09:06:13.460Z,-7.1484,129.9375,82,6.1,Indonesia
2015-11-18T18:31:04.570Z,-8.8994,158.4217,12.59,6.8,Solomon Islands
2015-11-17T07:10:07.300Z,38.67,20.6,11,6.5,Greece
2015-11-13T20:51:31.030Z,31.0009,128.8729,12,6.7,Japan
2015-11-11T02:46:19.830Z,-29.5097,-72.0585,10,6.9,Chile
2015-11-11T01:54:38.570Z,-29.5067,-72.0068,12,6.9,Chile
2015-11-09T16:03:46.070Z,51.6394,-173.0746,15,6.5,Alaska
2015-11-08T16:47:02.160Z,6.8431,94.648,10,6.6,Indonesia
2015-11-07T07:31:43.870Z,-30.8796,-71.4519,46,6.8,Chile
2015-11-07T07:04:31.380Z,-29.4642,-72.3015,13,6.2,Chile
2015-11-04T03:44:15.190Z,-8.3381,124.8754,20,6.5,East Timor
2015-10-26T09:09:42.560Z,36.5244,70.3676,231,7.5,Afghanistan
2015-10-23T04:04:18.140Z,-45.8146,37.1711,10,6,Prince Edward Islands
2015-10-23T01:40:06.320Z,-54.2258,6.1653,11,6.2,Bouvet Island
2015-10-20T21:52:02.560Z,-14.8595,167.3028,135,7.1,Vanuatu
2015-10-18T16:18:35.520Z,-16.2018,-173.2608,12,6,Tonga
2015-10-14T05:43:08.300Z,48.8595,156.2259,12,6,Russia
2015-10-11T00:58:27.170Z,-54.4856,-135.708,10,6.1,Pacific-Antarctic Ridge
2015-09-26T02:51:18.830Z,-30.8148,-71.3217,46,6.3,Chile
2015-09-24T15:53:27.740Z,-0.6212,131.2622,18,6.6,Indonesia
2015-09-22T07:13:00.520Z,-31.4441,-71.2653,58,6,Chile
2015-09-21T17:40:00.060Z,-31.7275,-71.3792,35,6.6,Chile
2015-09-21T05:39:34.910Z,-31.5757,-71.7431,30,6.1,Chile
2015-09-19T12:52:20.920Z,-32.3335,-72.0629,18,6.2,Chile
2015-09-19T05:06:47.500Z,-29.6411,-72.077,6,6.1,Chile
2015-09-18T15:59:42.640Z,15.2767,-45.9886,10,6,Northern Mid-Atlantic Ridge
2015-09-18T09:10:44.730Z,-32.3681,-72.2292,8,6.2,Chile
2015-09-17T04:10:27.780Z,-31.5173,-71.804,23,6.7,Chile
2015-09-17T03:55:15.430Z,-31.4244,-71.6876,27,6.5,Chile
2015-09-17T01:41:05.870Z,-31.1043,-71.6504,42.32,6.4,Chile
2015-09-16T23:18:41.850Z,-31.5622,-71.4262,28.41,7,Chile
2015-09-16T23:16:09.440Z,-31.6,-71.9189,35,6.1,Chile
2015-09-16T23:03:56.560Z,-31.7502,-71.7425,19.1,6.1,Chile
2015-09-16T22:59:15.000Z,-31.618,-71.745,26.7,6.4,Chile
2015-09-16T22:54:32.860Z,-31.5729,-71.6744,22.44,8.3,Chile
2015-09-16T14:03:22.110Z,-6.0114,151.4768,6,6.1,Papua New Guinea
2015-09-16T07:40:58.690Z,1.8841,126.4288,41.55,6.3,Indonesia
2015-09-13T08:14:08.560Z,24.913,-109.6226,10,6.7,Mexico
2015-09-10T10:26:44.810Z,52.0985,-169.5349,20,6,Alaska
2015-09-07T09:13:56.600Z,-32.8199,-177.8599,17,6.3,New Zealand
2015-09-07T08:46:09.050Z,-24.2427,179.1278,535,6,South of the Fiji Islands
2015-09-01T15:25:09.520Z,31.1806,141.6,8,6,Japan
2015-08-24T09:41:26.630Z,-30.6502,-178.7298,228,6,New Zealand
2015-08-15T07:47:06.500Z,-10.8968,163.8226,8,6.4,Solomon Islands
2015-08-13T10:39:53.840Z,-37.0152,78.0623,10,6,France
2015-08-12T18:49:24.080Z,-9.3293,157.8772,6.43,6.5,Solomon Islands
2015-08-10T04:12:15.810Z,-9.3438,158.0525,22,6.6,Solomon Islands
2015-08-06T23:59:46.290Z,-26.4576,-178.2511,269,6,South of the Fiji Islands
2015-07-29T02:35:59.000Z,59.8935,-153.1961,119.3,6.3,Alaska
2015-07-27T21:41:21.710Z,-2.6286,138.5277,48,7,Indonesia
2015-07-27T04:49:46.400Z,52.376,-169.4458,29,6.9,Alaska
2015-07-18T02:27:33.820Z,-10.4012,165.1409,11,7,Solomon Islands
2015-07-16T15:16:33.780Z,13.8672,-58.5479,20,6.5,Barbados
2015-07-10T04:12:42.540Z,-9.307,158.403,12,6.7,Solomon Islands
2015-07-07T05:10:28.120Z,43.9097,147.9748,49,6.3,Russia
2015-07-03T06:43:21.540Z,10.1691,125.8907,32,6.1,Philippines
2015-07-03T01:07:47.290Z,37.4593,78.1542,20,6.4,China
2015-07-01T19:35:21.460Z,-10.9911,162.5558,12,6,Solomon Islands
2015-06-30T03:39:29.410Z,-5.4513,151.5457,43,6,Papua New Guinea
2015-06-25T18:45:57.450Z,-32.0722,-178.3241,10,6,New Zealand
2015-06-23T12:18:30.270Z,27.7375,139.7254,460,6.5,Japan
2015-06-21T21:28:16.270Z,-20.4307,-178.3276,562.61,6,Fiji
2015-06-20T02:10:07.100Z,-36.3601,-73.812,11,6.4,Chile
2015-06-17T12:51:32.790Z,-35.3639,-17.1605,10,7,Southern Mid-Atlantic Ridge
2015-06-12T11:07:08.040Z,-15.6758,-173.0098,48,6,Tonga
2015-06-10T13:52:09.770Z,-22.4,-68.4323,124,6,Chile
2015-06-08T06:01:08.300Z,41.5615,142.0308,42,6.1,Japan
2015-06-04T23:15:43.910Z,5.9867,116.5409,10,6,Malaysia
2015-05-30T18:49:07.340Z,30.7856,142.9722,6.05,6.2,Japan region
2015-05-30T17:18:35.040Z,-15.7216,-173.3817,10,6,Tonga
2015-05-30T11:23:02.110Z,27.8386,140.4931,664,7.8,Japan
2015-05-29T07:00:09.000Z,56.594,-156.43,72.6,6.7,Alaska
2015-05-24T14:38:59.510Z,-19.3933,-175.9627,10,6.2,Tonga
2015-05-24T04:53:23.630Z,-16.855,-14.1708,10,6.3,Southern Mid-Atlantic Ridge
2015-05-22T23:59:33.770Z,-11.1093,163.2154,10,6.8,Solomon Islands
2015-05-22T21:45:19.480Z,-11.0559,163.6959,11.19,6.9,Solomon Islands
2015-05-20T22:48:53.420Z,-10.8759,164.1694,11,6.8,Solomon Islands
2015-05-20T00:30:54.700Z,-19.3021,-175.5247,203,6,Tonga
2015-05-19T15:25:21.080Z,-54.3312,-132.1618,7.2,6.7,Pacific-Antarctic Ridge
2015-05-15T20:26:56.870Z,-2.542,102.2191,151,6,Indonesia
2015-05-12T21:12:58.890Z,38.9056,142.0317,35,6.8,Japan
2015-05-12T07:36:54.490Z,27.625,86.1617,15,6.3,Nepal
2015-05-12T07:05:19.730Z,27.8087,86.0655,15,7.3,Nepal
2015-05-10T21:25:46.440Z,31.2373,142.0157,6,6,Japan
2015-05-07T07:10:19.590Z,-7.2175,154.5567,10,7.1,Papua New Guinea
2015-05-05T01:44:06.380Z,-5.4624,151.8751,55,7.5,Papua New Guinea
2015-05-03T22:32:39.010Z,-5.6314,151.6757,24,6,Papua New Guinea
2015-05-01T08:06:52.250Z,-5.4912,151.8715,35,6,Papua New Guinea
2015-05-01T08:06:03.480Z,-5.2005,151.7773,44,6.8,Papua New Guinea
2015-04-30T10:45:02.930Z,-5.375,151.7706,31,6.7,Papua New Guinea
2015-04-28T16:39:39.190Z,-20.8865,-178.6329,581,6.1,Fiji
2015-04-26T07:09:10.670Z,27.7711,86.0173,22.91,6.7,Nepal
2015-04-25T06:45:21.320Z,28.2244,84.8216,10,6.6,Nepal
2015-04-25T06:15:22.910Z,27.6285,85.5398,10,6.1,Nepal
2015-04-25T06:11:25.950Z,28.2305,84.7314,8.22,7.8,Nepal
2015-04-24T13:56:15.180Z,51.6148,-130.7714,8,6.2,Canada
2015-04-24T03:36:42.400Z,-42.0602,173.0066,48,6.1,New Zealand
2015-04-22T22:57:15.650Z,-12.039,166.432,72,6.2,Solomon Islands
2015-04-20T12:00:00.070Z,24.0471,122.4532,29,6.1,Japan
2015-04-20T11:45:13.440Z,24.0851,122.453,29,6,Japan
2015-04-20T01:42:58.380Z,24.2026,122.3158,29,6.4,Taiwan
2015-04-17T15:52:51.480Z,-15.8815,-178.6005,10,6.5,Wallis and Futuna
2015-04-16T18:07:43.610Z,35.1891,26.8235,20,6,Greece
2015-04-07T00:46:21.830Z,-15.1676,-173.2247,30,6.3,Tonga
2015-03-31T12:18:24.200Z,-4.8946,152.49,39,6,Papua New Guinea
2015-03-30T08:48:25.340Z,-15.4994,-173.0293,11,6.5,Tonga
2015-03-30T08:18:01.340Z,-15.392,-172.9409,14.54,6.4,Tonga
2015-03-30T07:56:53.230Z,-15.4296,-173.049,10,6,Tonga
2015-03-29T23:48:31.010Z,-4.7294,152.5623,41,7.5,Papua New Guinea
2015-03-23T04:51:38.010Z,-18.3534,-69.1663,130,6.4,Chile
2015-03-18T18:27:29.500Z,-36.1167,-73.5219,13,6.2,Chile
2015-03-17T22:12:28.940Z,1.6686,126.5217,44,6.2,Indonesia
2015-03-15T23:17:16.910Z,-0.5409,122.3067,31,6.1,Indonesia
2015-03-10T20:55:44.370Z,6.7757,-72.9875,155,6.2,Colombia
2015-03-06T08:22:18.960Z,-41.3157,80.6046,10,6,Mid-Indian Ridge
2015-03-03T10:37:30.050Z,-0.7789,98.7161,28,6.1,Indonesia
2015-02-27T13:45:05.370Z,-7.2968,122.5348,552.06,7,Indonesia
2015-02-22T14:23:12.720Z,18.6766,-106.848,5,6.2,Mexico
2015-02-21T10:13:53.290Z,39.8185,143.4861,7,6,Japan
2015-02-20T04:25:23.380Z,39.8244,143.5871,10,6.2,Japan
2015-02-19T13:18:32.810Z,-16.4311,168.1483,10,6.4,Vanuatu
2015-02-18T09:32:26.770Z,-10.7598,164.1216,10,6.1,Solomon Islands
2015-02-16T23:06:28.270Z,39.8558,142.8808,23,6.7,Japan
2015-02-16T22:00:53.590Z,-55.52,-28.2591,13,6.2,South Georgia and the South Sandwich Islands
2015-02-13T20:06:32.330Z,22.6374,121.427,30,6.2,Taiwan
2015-02-13T18:59:12.230Z,52.6487,-31.9016,16.68,7.1,Northern Mid-Atlantic Ridge
2015-02-11T18:57:22.460Z,-23.1125,-66.688,223,6.7,Argentina
2015-02-02T10:49:48.530Z,-32.7183,-67.1231,172,6.3,Argentina
2015-01-30T17:57:56.440Z,-21.2452,170.158,7.08,6,Vanuatu
2015-01-28T02:43:19.350Z,-20.9665,-178.3032,484.12,6.2,Fiji
2015-01-23T03:47:27.050Z,-17.0309,168.52,219.96,6.8,Vanuatu
2015-01-07T05:07:07.510Z,5.9045,-82.6576,8,6.5,Panama
2014-12-30T21:17:23.920Z,-20.3263,-178.5639,599.28,6,Fiji
2014-12-29T09:29:37.390Z,8.6341,121.5213,8,6.1,Philippines
2014-12-21T11:34:13.570Z,2.0892,126.6483,41,6.3,Indonesia
2014-12-10T21:03:39.260Z,25.5403,122.4503,256,6.1,Taiwan
2014-12-08T08:54:52.520Z,7.9401,-82.6865,20,6.6,Panama
2014-12-07T21:16:35.740Z,13.6717,-91.4731,32,6.1,Guatemala
2014-12-07T01:22:02.180Z,-6.5108,154.4603,23,6.6,Papua New Guinea
2014-12-06T22:05:10.730Z,-6.11,130.4829,116,6,Indonesia
2014-12-06T17:21:49.020Z,7.9824,-82.7339,15,6,Panama
2014-12-02T05:11:31.000Z,6.1572,123.1261,614,6.6,Philippines
2014-11-26T14:33:43.640Z,1.9604,126.5751,39,6.8,Indonesia
2014-11-22T13:08:18.420Z,36.6408,137.8875,9,6.2,Japan
2014-11-21T10:10:19.630Z,2.2999,127.0562,35,6.5,Indonesia
2014-11-17T16:52:46.850Z,-46.3484,33.8037,10,6.1,Prince Edward Islands region
2014-11-16T22:33:20.450Z,-37.6478,179.6621,22,6.7,New Zealand
2014-11-15T02:31:41.720Z,1.8929,126.5217,45,7.1,Indonesia
2014-11-13T10:24:18.270Z,-15.2155,173.0845,10,6,Fiji region
2014-11-07T03:33:55.280Z,-5.9873,148.2315,53.19,6.6,Papua New Guinea
2014-11-03T08:48:29.740Z,-41.7317,79.9602,10,6.3,Mid-Indian Ridge
2014-11-02T17:17:04.410Z,-61.2203,154.2778,10,6,Balleny Islands region
2014-11-01T18:57:22.380Z,-19.6903,-177.7587,434,7.1,Fiji
2014-11-01T10:59:54.610Z,-31.852,-111.2436,10,6,Easter Island region
2014-10-28T03:15:37.950Z,-15.2954,-174.6752,8,6,Tonga
2014-10-14T03:51:34.460Z,12.5262,-88.1225,40,7.3,El Salvador
2014-10-11T02:35:47.480Z,41.0272,143.1649,22,6.1,Japan
2014-10-09T02:32:05.140Z,-32.0953,-110.8647,10,6.6,Southern East Pacific Rise
2014-10-09T02:14:31.440Z,-32.1082,-110.8112,16.54,7,Southern East Pacific Rise
2014-10-08T02:40:53.110Z,23.8441,-108.3311,10,6.1,Mexico
2014-10-07T13:49:39.720Z,23.3834,100.4702,8.51,6.1,China
2014-10-01T03:38:51.760Z,-6.0706,149.5329,42,6,Papua New Guinea
2014-09-25T17:51:17.000Z,61.9449,-151.8159,108.9,6.2,Alaska
2014-09-25T09:13:50.000Z,-9.4618,156.4122,4,6.1,Solomon Islands
2014-09-24T11:16:15.010Z,-23.8009,-66.6321,224,6.2,Argentina
2014-09-17T06:14:45.410Z,13.7641,144.4294,130,6.7,Guam
2014-09-10T02:46:06.430Z,-0.2422,125.104,35,6.2,Indonesia
2014-09-06T19:22:59.040Z,18.7529,-107.0488,17,6.2,Mexico
2014-09-06T06:53:11.760Z,-26.6478,-114.5,7,6.1,Easter Island region
2014-09-04T05:33:50.350Z,-21.3869,-173.3232,35,6,Tonga
2014-08-24T23:21:45.520Z,-14.598,-73.5714,101,6.8,Peru
2014-08-24T10:20:44.070Z,38.2151667,-122.3123333,11.12,6.02,South Napa Earthquake
2014-08-23T22:32:23.320Z,-32.6953,-71.4416,32,6.4,Chile
2014-08-18T18:08:22.750Z,32.5827,47.7037,5,6,Iran
2014-08-18T02:32:05.350Z,32.703,47.695,10.2,6.2,Iran
2014-08-10T03:43:17.240Z,41.1585,142.1309,41,6.1,Japan
2014-08-06T11:45:22.680Z,-7.2741,128.0364,10,6.2,Indonesia
2014-08-03T08:30:13.570Z,27.1891,103.4086,12,6.2,China
2014-08-03T00:22:03.680Z,0.8295,146.1688,13,6.9,Federated States of Micronesia region
2014-07-29T13:27:40.080Z,-3.422,146.769,9.77,6,Papua New Guinea
2014-07-29T10:46:14.700Z,17.6818,-95.6533,107,6.3,Mexico
2014-07-27T01:28:37.440Z,23.724,-45.5809,10,6,Northern Mid-Atlantic Ridge
2014-07-25T10:54:49.720Z,58.3062,-136.9601,10,6.1,Alaska
2014-07-21T14:54:41.000Z,-19.8015,-178.4001,615.42,6.9,Fiji
2014-07-20T18:32:47.790Z,44.6419,148.7838,61,6.2,Russia
2014-07-19T14:14:01.850Z,11.7448,57.6382,10,6,Owen Fracture Zone region
2014-07-19T12:27:10.040Z,-15.8239,-174.4517,227.27,6.2,Tonga
2014-07-17T11:49:33.000Z,60.3491,-140.3333,10,6,Alaska
2014-07-14T07:59:57.290Z,5.7144,126.4776,20,6.3,Philippines
2014-07-11T19:22:00.820Z,37.0052,142.4525,20,6.5,Japan
2014-07-08T12:56:25.920Z,-17.6864,168.3982,110.24,6.2,Vanuatu
2014-07-07T11:23:54.780Z,14.724,-92.4614,53,6.9,Mexico
2014-07-05T09:39:27.790Z,1.9335,96.9388,20,6,Indonesia
2014-07-04T15:00:27.860Z,-6.2304,152.8075,20,6.5,Papua New Guinea
2014-07-03T19:50:07.290Z,-30.4601,-176.4451,35,6.3,New Zealand
2014-07-02T05:53:29.200Z,-62.3014,155.1868,10,6,Balleny Islands region
2014-06-30T19:55:32.390Z,28.3404,138.8441,511,6.2,Japan region
2014-06-29T17:15:09.340Z,-14.9831,-175.5096,18,6.7,Wallis and Futuna
2014-06-29T15:52:23.050Z,-14.7798,-175.2589,9,6.4,Wallis and Futuna
2014-06-29T14:32:49.420Z,-55.3584,-28.1075,10,6,
2014-06-29T07:52:55.170Z,-55.4703,-28.3669,8,6.9,
2014-06-29T05:56:31.720Z,24.3877,142.6278,48,6.2,Japan
2014-06-24T03:15:35.490Z,52.2045,176.6981,4,6.3,Alaska
2014-06-23T22:29:51.810Z,51.9593,178.5844,106.6,6,Alaska
2014-06-23T21:30:46.180Z,51.9357,178.4288,101.88,6,Alaska
2014-06-23T21:11:40.520Z,51.9558,178.4563,102.85,6,Alaska
2014-06-23T20:53:09.700Z,51.8486,178.7352,109,7.9,Alaska
2014-06-23T20:06:20.710Z,-29.9414,-177.6073,26.59,6.7,New Zealand
2014-06-23T19:21:45.990Z,-29.9379,-177.5159,10,6.5,New Zealand
2014-06-23T19:19:15.940Z,-29.9772,-177.7247,20,6.9,New Zealand
2014-06-19T10:17:55.520Z,-13.5585,166.8278,36,6.2,Vanuatu
2014-06-14T11:10:59.850Z,-10.1229,91.0921,4,6.5,South Indian Ocean
2014-05-31T11:53:46.470Z,18.7876,-107.469,5,6.2,Mexico
2014-05-24T09:25:02.440Z,40.2893,25.3889,6.43,6.9,Greece
2014-05-21T16:21:54.350Z,18.2012,88.0376,47.23,6,India
2014-05-18T01:02:32.610Z,4.2485,92.7574,35,6,Off the west coast of northern Sumatra
2014-05-15T10:16:42.020Z,9.3832,122.0604,15.46,6.3,Philippines
2014-05-15T08:16:34.440Z,6.4264,144.9363,11,6.3,Micronesia
2014-05-14T20:56:13.210Z,6.4507,144.9238,10,6.1,Micronesia
2014-05-13T06:35:24.240Z,7.2096,-82.3045,10,6.5,Panama
2014-05-12T18:38:36.700Z,-49.9403,-114.7995,10.47,6.5,Southern East Pacific Rise
2014-05-10T07:36:01.220Z,17.2192,-100.8122,23,6,Mexico
2014-05-08T17:00:14.810Z,17.2349,-100.7461,17.09,6.4,Mexico
2014-05-07T04:20:33.870Z,-6.9599,154.9011,10,6,Papua New Guinea
2014-05-06T20:52:28.320Z,-36.1703,-97.054,16.83,6.3,West Chile Rise
2014-05-05T11:08:43.420Z,19.6557,99.6696,6,6.1,Thailand
2014-05-04T20:18:24.680Z,34.9118,139.4186,153,6,Japan
2014-05-04T09:25:15.960Z,-25.8072,178.2401,634.21,6.3,South of the Fiji Islands
2014-05-04T09:15:52.880Z,-24.6108,179.0856,527,6.6,South of the Fiji Islands
2014-05-01T06:36:35.550Z,-21.4542,170.3546,106,6.6,New Caledonia
2014-04-26T06:02:21.000Z,-20.752,-174.7068,45,6.1,Tonga
2014-04-24T03:10:10.150Z,49.6388,-127.7316,10,6.5,Canada
2014-04-20T00:15:58.100Z,-7.1646,155.3351,20,6.2,Papua New Guinea
2014-04-19T13:28:00.810Z,-6.7547,155.0241,43.37,7.5,Papua New Guinea
2014-04-19T01:04:03.820Z,-6.6558,155.0869,29,6.6,Papua New Guinea
2014-04-18T14:27:24.920Z,17.397,-100.9723,24,7.2,Mexico
2014-04-18T04:13:12.040Z,-11.1387,164.8139,10,6.1,Solomon Islands
2014-04-17T15:06:51.490Z,-62.8705,155.7431,20.56,6.2,Balleny Islands region
2014-04-15T03:57:01.370Z,-53.4967,8.722,11.18,6.8,Bouvet Island region
2014-04-13T13:24:59.710Z,-11.1284,162.052,10,6.6,Solomon Islands
2014-04-13T12:36:19.230Z,-11.4633,162.0511,39,7.4,Solomon Islands
2014-04-12T20:14:39.300Z,-11.2701,162.1481,22.56,7.6,Solomon Islands
2014-04-12T05:24:23.270Z,-7.1033,155.238,20,6.1,Papua New Guinea
2014-04-11T20:29:12.970Z,11.642,-85.8779,135,6.6,Nicaragua
2014-04-11T08:16:45.660Z,-6.7878,154.9502,20,6.5,Papua New Guinea
2014-04-11T07:07:23.130Z,-6.5858,155.0485,60.53,7.1,Papua New Guinea
2014-04-11T00:01:45.210Z,-20.659,-70.6472,13.77,6.2,Chile
2014-04-10T23:27:45.600Z,12.4029,-86.3783,13,6.1,Nicaragua
2014-04-04T11:40:32.000Z,-10.5365,161.7027,57,6,Solomon Islands
2014-04-04T01:37:50.570Z,-20.6426,-70.654,13.71,6.3,Chile
2014-04-03T05:26:15.700Z,-20.7969,-70.5865,25,6.4,Chile
2014-04-03T02:43:13.110Z,-20.5709,-70.4931,22.4,7.7,Chile
2014-04-03T01:58:30.530Z,-20.3113,-70.5756,24.07,6.5,Chile
2014-04-02T16:13:26.720Z,7.94,-82.34,25,6,Panama
2014-04-01T23:57:58.790Z,-19.8927,-70.9455,28.42,6.9,Chile
2014-04-01T23:46:47.260Z,-19.6097,-70.7691,25,8.2,Chile
2014-03-27T03:49:42.710Z,-12.0989,166.5894,98,6,Solomon Islands
2014-03-26T03:29:35.720Z,-26.1692,179.2877,495,6.3,South of the Fiji Islands
2014-03-23T18:20:01.930Z,-19.6899,-70.8538,21,6.3,Chile
2014-03-22T12:59:59.150Z,-19.7625,-70.874,20,6.2,Chile
2014-03-21T13:41:09.480Z,7.7448,94.3342,21.54,6.4,India
2014-03-17T05:11:34.860Z,-20.0168,-70.8837,21,6.4,Chile
2014-03-16T21:16:29.600Z,-19.9807,-70.7022,20,6.7,Chile
2014-03-15T23:51:32.970Z,-5.5745,-80.9709,29,6.3,Peru
2014-03-15T08:59:21.860Z,-14.0848,-76.3113,20,6.1,Peru
2014-03-13T17:06:50.770Z,33.6842,131.8249,79,6.3,Japan
2014-03-11T22:03:09.810Z,-3.0856,148.5531,7,6.1,Papua New Guinea
2014-03-11T02:44:05.830Z,-60.8623,-19.9775,10,6.4,East of the South Sandwich Islands
2014-03-10T05:18:13.400Z,40.8287,-125.1338,16.6,6.8,California
2014-03-05T09:56:57.840Z,-14.7378,169.8234,638,6.3,Vanuatu
2014-03-02T22:17:14.400Z,14.1833,-93.1535,18.47,6,Mexico
2014-03-02T20:11:23.430Z,27.4312,127.3674,119,6.5,Japan
2014-03-02T09:37:54.840Z,12.5559,-87.6879,60,6.2,Nicaragua
2014-02-26T21:13:40.110Z,53.6047,-171.821,265,6.1,Alaska
2014-02-18T09:27:13.120Z,14.6682,-58.9272,14.83,6.5,Barbados
2014-02-12T09:19:49.060Z,35.9053,82.5864,10,6.9,China
2014-02-09T14:56:39.110Z,-5.9651,154.435,41.8,6,Papua New Guinea
2014-02-07T08:40:13.550Z,-15.0691,167.3721,122,6.5,Vanuatu
2014-02-03T03:08:46.190Z,38.2637,20.3897,5,6,Greece
2014-02-02T09:26:37.820Z,-32.9076,-177.8806,44.26,6.5,New Zealand
2014-02-01T03:58:43.990Z,-56.8269,-27.3391,129.97,6.1,
2014-01-26T13:55:42.210Z,38.2082,20.4528,8,6.1,Greece
2014-01-25T05:14:18.510Z,-7.9855,109.2653,66,6.1,Indonesia
2014-01-21T01:29:07.000Z,-15.1443,-174.6812,6.12,6.1,Tonga
2014-01-20T02:52:44.350Z,-40.6595,175.8144,28,6.1,New Zealand
2014-01-13T04:01:03.240Z,19.0428,-66.8096,20,6.4,Puerto Rico
2014-01-01T16:03:29.000Z,-13.8633,167.249,187,6.5,Vanuatu
2013-12-17T23:38:06.820Z,20.7727,146.7903,9,6.2,Northern Mariana Islands
2013-12-08T17:24:54.200Z,44.4438,149.1667,28,6,Russia
2013-12-01T06:29:57.800Z,2.044,96.8261,20,6,Indonesia
2013-12-01T01:24:13.520Z,-7.0269,128.3791,9.87,6.4,Indonesia
2013-11-25T07:21:18.420Z,-53.8708,-53.9107,14.83,6,South Atlantic Ocean
2013-11-25T06:27:33.300Z,-53.9451,-55.0033,11.78,7,Falkland Islands region
2013-11-25T05:56:50.140Z,45.5613,151.0047,34,6,Russia
2013-11-23T07:48:32.130Z,-17.1171,-176.5449,371,6.5,Fiji region
2013-11-19T17:00:44.160Z,18.4753,145.2041,511,6,Northern Mariana Islands
2013-11-19T13:32:51.230Z,2.6403,128.4339,38,6,Indonesia
2013-11-17T09:04:55.530Z,-60.2738,-46.4011,10,7.7,Scotia Sea
2013-11-16T03:34:31.230Z,-60.2627,-47.0621,9.97,6.9,Scotia Sea
2013-11-13T23:45:47.930Z,-60.2814,-47.1233,11.07,6.1,Scotia Sea
2013-11-12T07:03:51.090Z,54.6859,162.3024,43,6.4,Russia
2013-11-02T18:53:46.900Z,-19.1711,-172.6411,10.05,6.2,Tonga
2013-11-02T15:52:46.110Z,-23.6357,-112.5956,9.98,6,Easter Island region
2013-10-31T23:03:59.720Z,-30.2921,-71.5215,27,6.6,Chile
2013-10-31T12:02:08.720Z,23.5904,121.4366,10,6.3,Taiwan
2013-10-30T02:51:47.000Z,-35.314,-73.395,41.5,6.2,Chile
2013-10-25T17:10:19.710Z,37.1557,144.6611,35,7.1,Japan
2013-10-24T19:25:10.930Z,-58.153,-12.7964,22.87,6.7,East of the South Sandwich Islands
2013-10-23T08:23:30.360Z,-23.0067,-177.1425,160,6,Tonga
2013-10-19T17:54:54.700Z,26.0913,-110.3209,9.45,6.6,Mexico
2013-10-16T10:30:58.550Z,-6.4456,154.931,35,6.8,Papua New Guinea
2013-10-15T00:12:32.050Z,9.8796,124.1167,19.04,7.1,Philippines
2013-10-12T13:11:53.350Z,35.5142,23.2523,40,6.6,Greece
2013-10-12T02:10:27.290Z,10.9048,-62.315,63,6,Venezuela
2013-10-11T21:25:00.010Z,-30.6623,-178.4838,151,6.2,New Zealand
2013-10-06T21:33:19.800Z,-36.7267,-97.4761,10.28,6.2,West Chile Rise
2013-10-06T16:38:08.760Z,12.3115,141.6905,104,6,Mariana Islands region
2013-10-04T17:26:13.620Z,-38.6062,78.3693,12.72,6.4,
2013-10-01T03:38:21.710Z,53.1995,152.7864,573,6.7,Sea of Okhotsk
2013-09-30T05:55:55.220Z,-30.9255,-178.3234,41.54,6.5,New Zealand
2013-09-28T07:34:06.450Z,27.1825,65.5052,12,6.8,Pakistan
2013-09-25T16:42:43.170Z,-15.8385,-74.5112,40,7.1,Peru
2013-09-25T06:51:24.570Z,-49.9585,-113.7439,10,6.1,Southern East Pacific Rise
2013-09-24T11:29:47.970Z,26.951,65.5009,15,7.7,Pakistan
2013-09-21T01:39:15.570Z,-7.3308,120.0106,549.92,6.1,Indonesia
2013-09-15T16:21:37.150Z,51.5751,-174.716,24.02,6.1,Alaska
2013-09-11T12:44:13.210Z,-4.5472,-104.5783,10.52,6.1,Central East Pacific Rise
2013-09-07T00:13:29.570Z,14.6056,-92.1207,66,6.4,Guatemala
2013-09-05T04:01:36.360Z,15.1836,-45.232,10,6,Northern Mid-Atlantic Ridge
2013-09-04T06:27:03.560Z,51.573,-174.8537,17,6,Alaska
2013-09-04T02:32:30.600Z,51.5573,-174.7671,20,6.5,Alaska
2013-09-04T00:23:11.290Z,51.1832,-130.2245,9.92,6,Canada
2013-09-04T00:18:23.370Z,29.9377,138.8325,402,6.5,Japan region
2013-09-03T20:19:06.340Z,51.244,-130.3971,2.73,6.1,Canada
2013-09-01T11:52:29.930Z,-7.44,128.2209,112,6.5,Indonesia
2013-08-31T06:38:36.350Z,51.2381,-174.9407,18,6,Alaska
2013-08-30T16:25:02.300Z,51.537,-175.2297,29,7,Alaska
2013-08-28T02:54:41.290Z,-27.7829,179.6335,478,6.2,New Zealand
2013-08-21T12:38:29.700Z,16.8784,-99.498,21,6.2,Mexico
2013-08-17T16:32:31.410Z,-34.8853,54.0927,10,6.1,Southwest Indian Ridge
2013-08-16T02:31:05.750Z,-41.734,174.152,8.2,6.5,New Zealand
2013-08-13T15:43:15.200Z,5.7732,-78.1999,12,6.7,Colombia
2013-08-12T09:49:32.360Z,-5.3962,-81.9268,10,6.2,Peru
2013-08-12T04:16:47.800Z,-30.6285,-179.678,340.6,6.1,New Zealand
2013-08-12T00:53:43.980Z,-7.1354,129.8088,95,6,Indonesia
2013-08-01T20:01:43.160Z,-15.2443,-173.5006,31.65,6,Tonga
2013-07-26T21:32:59.990Z,-57.915,-23.841,13,6.3,South Sandwich Islands
2013-07-26T07:07:15.630Z,-15.379,167.689,124,6.1,Vanuatu
2013-07-22T07:01:42.500Z,-46.049,34.78,10,6.3,Prince Edward Islands
2013-07-21T05:09:31.450Z,-41.704,174.337,17,6.5,New Zealand
2013-07-17T02:37:43.180Z,-15.657,-71.74,7,6,Peru
2013-07-15T14:03:39.880Z,-60.857,-25.07,11,7.3,South Sandwich Islands
2013-07-07T20:30:06.850Z,-6.029,149.706,56,6.6,Papua New Guinea
2013-07-07T18:35:30.740Z,-3.917,153.927,385.5,7.3,Papua New Guinea
2013-07-06T05:05:06.650Z,-3.269,100.564,21,6,Indonesia
2013-07-04T17:15:54.540Z,-7.028,155.726,29,6.1,Papua New Guinea
2013-07-02T07:37:02.610Z,4.645,96.665,13,6.1,Indonesia
2013-06-24T22:04:13.480Z,10.701,-42.594,10,6.6,Northern Mid-Atlantic Ridge
2013-06-16T21:39:05.780Z,34.347,25.159,19,6,Greece
2013-06-15T17:34:27.810Z,11.763,-86.926,30,6.5,Nicaragua
2013-06-15T16:11:02.500Z,34.4,25.02,10,6.2,Greece
2013-06-15T11:20:36.020Z,-33.853,179.402,195,6,South of the Kermadec Islands
2013-06-13T16:47:23.320Z,-10.004,107.236,9,6.7,Christmas Island
2013-06-05T04:47:26.240Z,-11.401,166.299,39,6.1,Solomon Islands
2013-06-02T05:43:03.460Z,23.789,121.141,17,6.2,Taiwan
2013-05-24T14:56:31.460Z,52.235,151.444,624,6.7,Sea of Okhotsk
2013-05-24T05:44:48.980Z,54.892,153.221,598.1,8.3,Sea of Okhotsk
2013-05-23T21:07:46.450Z,-20.578,-175.759,150,6.3,Tonga
2013-05-23T17:19:04.750Z,-23.009,-177.232,173.7,7.4,Tonga
2013-05-21T05:43:21.000Z,52.281,160.072,30,6.1,Russia
2013-05-21T01:55:08.400Z,52.52,160.362,30,6,Russia
2013-05-20T09:49:04.470Z,-44.866,-80.746,10,6.4,Chile
2013-05-19T18:44:10.950Z,52.34,160.065,18,6.1,Russia
2013-05-18T05:47:59.500Z,37.739,141.471,39,6,Japan
2013-05-14T00:32:25.890Z,18.728,145.288,602.2,6.8,Northern Mariana Islands
2013-05-11T20:46:57.590Z,-17.965,-175.107,212.9,6.4,Tonga
2013-05-11T02:08:08.500Z,26.56,57.77,15,6.1,Iran
2013-05-07T10:10:48.700Z,-19.622,175.051,11,6,Fiji
2013-04-26T06:53:28.920Z,-28.681,-178.916,351,6.1,New Zealand
2013-04-23T23:14:40.630Z,-3.898,152.127,10,6.5,Papua New Guinea
2013-04-22T01:16:32.840Z,18.081,-102.182,30,6,Mexico
2013-04-21T03:22:16.220Z,29.933,138.887,421.9,6.1,Japan region
2013-04-20T13:12:50.510Z,50.099,157.148,18,6.1,Russia
2013-04-20T00:02:47.540Z,30.308,102.888,14,6.6,China
2013-04-19T19:58:40.250Z,49.965,157.652,15,6.1,Russia
2013-04-19T03:05:52.650Z,46.221,150.788,110,7.2,Russia
2013-04-16T22:55:26.680Z,-3.214,142.542,13,6.6,Papua New Guinea
2013-04-16T10:44:20.180Z,28.033,61.996,80,7.7,Iran
2013-04-14T01:32:22.640Z,-6.475,154.607,31,6.6,Papua New Guinea
2013-04-13T22:49:50.550Z,-19.141,169.535,280.2,6,Vanuatu
2013-04-09T11:52:49.920Z,28.428,51.593,12,6.4,Iran
2013-04-06T04:42:35.860Z,-3.517,138.476,66,7,Indonesia
2013-04-05T13:00:02.130Z,42.736,131.003,563.3,6.3,Russia
2013-04-01T18:53:17.420Z,39.526,143.167,14,6,Japan
2013-03-25T23:02:12.770Z,14.487,-90.463,189,6.2,Guatemala
2013-03-24T08:13:45.130Z,-20.757,173.37,10,6.1,Fiji
2013-03-10T22:51:50.800Z,-6.598,148.174,28,6.5,Papua New Guinea
2013-03-01T13:20:49.930Z,50.958,157.408,29,6.5,Russia
2013-03-01T12:53:51.070Z,50.895,157.453,33,6.4,Russia
2013-02-28T14:05:50.250Z,50.954,157.283,41,6.9,Russia
2013-02-22T12:01:58.200Z,-27.932,-63.097,575.2,6.1,Argentina
2013-02-16T04:37:36.220Z,5.812,125.748,105,6.1,Philippines
2013-02-14T13:13:53.130Z,67.631,142.508,11,6.6,Russia
2013-02-10T18:39:32.140Z,-10.94,165.461,11,6,Solomon Islands
2013-02-09T21:02:22.790Z,-10.994,165.741,18,6.6,Solomon Islands
2013-02-09T14:16:07.880Z,1.135,-77.393,145,6.9,Colombia
2013-02-08T15:26:38.470Z,-10.928,166.018,21,7.1,Solomon Islands
2013-02-08T11:12:11.510Z,-10.838,165.969,12,6.8,Solomon Islands
2013-02-07T18:59:16.270Z,-10.997,165.655,11,6.7,Solomon Islands
2013-02-07T00:30:10.790Z,-11.658,164.94,8,6,Solomon Islands
2013-02-06T11:53:55.190Z,-11.243,165.728,14,6,Solomon Islands
2013-02-06T10:33:17.460Z,-10.642,164.765,10,6,Solomon Islands
2013-02-06T06:35:19.250Z,-10.791,164.551,10,6.1,Solomon Islands
2013-02-06T01:54:14.610Z,-10.499,165.588,8.8,7,Solomon Islands
2013-02-06T01:23:19.760Z,-11.183,164.882,10,7.1,Solomon Islands
2013-02-06T01:12:25.830Z,-10.799,165.114,24,8,Solomon Islands
2013-02-06T00:07:22.100Z,-10.864,165.248,11,6,Solomon Islands
2013-02-02T18:58:06.480Z,-10.887,165.284,6,6,Solomon Islands
2013-02-02T14:17:35.130Z,42.77,143.092,107,6.9,Japan
2013-02-01T22:18:33.070Z,-11.12,165.378,10,6.4,Solomon Islands
2013-02-01T22:16:34.170Z,-10.896,165.379,10,6.3,Solomon Islands
2013-02-01T05:36:41.790Z,-11.104,165.532,15,6,Solomon Islands
2013-01-31T03:33:43.720Z,-10.64,166.367,9,6.1,Solomon Islands
2013-01-30T23:03:43.660Z,-10.634,166.372,10,6.1,Solomon Islands
2013-01-30T20:15:43.340Z,-28.094,-70.653,45,6.8,Chile
2013-01-28T16:38:53.580Z,42.605,79.708,15,6.1,Kazakhstan
2013-01-21T22:22:52.760Z,4.927,95.907,12,6.1,Indonesia
2013-01-15T16:09:37.080Z,-62.571,-161.432,10,6.1,Pacific-Antarctic Ridge
2013-01-05T08:58:19.330Z,55.393,-134.652,10,7.5,Southeastern Alaska
2012-12-21T22:28:08.570Z,-14.344,167.286,200.7,6.7,Vanuatu
2012-12-17T09:16:30.900Z,-0.649,123.807,44.2,6.1,Indonesia
2012-12-15T19:30:02.170Z,-4.632,153.016,52,6.1,Papua New Guinea
2012-12-15T04:49:29.650Z,52.291,174.011,26,6,Alaska
2012-12-14T10:36:01.590Z,31.095,-119.66,13,6.3,off the west coast of Baja California
2012-12-11T06:18:27.330Z,0.533,126.231,30,6,Molucca Sea
2012-12-10T16:53:08.770Z,-6.533,129.825,155,7.1,Banda Sea
2012-12-07T18:19:06.310Z,-38.428,176.067,163,6.3,North Island of New Zealand
2012-12-07T08:31:14.800Z,37.914,143.764,32,6.2,Japan
2012-12-07T08:18:23.130Z,37.89,143.949,31,7.3,Japan
2012-12-02T00:54:22.690Z,-16.975,167.645,32,6.1,Vanuatu
2012-11-19T09:44:34.120Z,-5.705,151.602,13,6,Papua New Guinea
2012-11-16T18:12:39.910Z,49.28,155.425,29,6.5,Kuril Islands
2012-11-15T09:20:21.910Z,18.346,-100.382,53,6.1,Mexico
2012-11-14T19:02:06.120Z,-29.118,-71.19,63,6.1,Chile
2012-11-13T04:31:26.760Z,-45.761,-77.053,9,6.1,Chile
2012-11-12T20:42:14.620Z,57.792,-142.855,9,6.3,Gulf of Alaska
2012-11-11T22:14:59.240Z,14.129,-92.164,20,6.5,offshore Guatemala
2012-11-11T01:12:38.870Z,23.005,95.885,13.7,6.8,Myanmar
2012-11-10T14:57:50.740Z,-8.866,-75.071,129,6,central Peru
2012-11-08T02:01:50.630Z,49.231,-128.477,13.7,6.1,Canada region
2012-11-07T16:35:46.930Z,13.988,-91.895,24,7.4,offshore Guatemala
2012-11-02T18:17:32.730Z,9.219,126.161,37,6.1,Philippines
2012-10-30T02:49:02.270Z,52.365,-131.902,9,6.2,Canada
2012-10-28T18:54:20.830Z,52.674,-132.602,9,6.3,Canada
2012-10-28T03:04:08.820Z,52.788,-132.101,14,7.8,Canada
2012-10-24T00:45:32.990Z,10.086,-85.298,17,6.5,Costa Rica
2012-10-20T23:00:32.450Z,-13.552,166.564,36,6.2,Vanuatu
2012-10-17T04:42:30.400Z,4.232,124.52,326,6,Celebes Sea
2012-10-12T00:31:28.270Z,-4.892,134.03,13,6.6,Indonesia
2012-10-09T12:32:09.770Z,-60.326,153.699,10,6.6,west of Macquarie Island
2012-10-08T11:43:31.420Z,-4.472,129.129,10,6.1,Banda Sea
2012-10-01T22:21:46.020Z,39.808,143.099,15,6.1,Japan
2012-09-30T16:31:35.970Z,1.929,-76.362,170,7.3,Colombia
2012-09-26T23:39:55.110Z,51.592,-178.295,16,6.4,Alaska
2012-09-25T23:45:24.940Z,24.666,-110.173,10,6.3,Mexico
2012-09-14T04:51:47.070Z,-3.319,100.594,19,6.2,Indonesia
2012-09-08T10:51:44.200Z,-3.177,135.109,21,6.1,Indonesia
2012-09-05T14:42:07.800Z,10.085,-85.315,35,7.6,Costa Rica
2012-09-05T13:09:10.060Z,-12.476,166.513,27,6,Santa Cruz Islands
2012-09-03T18:23:05.230Z,-10.708,113.931,14,6.1,Indonesia
2012-08-31T12:47:33.380Z,10.811,126.638,28,7.6,Philippine Islands region
2012-08-30T13:43:25.170Z,71.441,-10.605,14,6.8,Jan Mayen Island region
2012-08-27T04:37:19.430Z,12.139,-88.59,28,7.3,off the coast of El Salvador
2012-08-26T15:05:37.080Z,2.19,126.837,91.1,6.6,Molucca Sea
2012-08-19T22:41:49.810Z,-4.766,144.57,73,6.2,Papua New Guinea
2012-08-18T09:41:52.450Z,-1.315,120.096,10,6.3,Indonesia
2012-08-14T02:59:38.460Z,49.8,145.064,583.2,7.7,Sea of Okhotsk
2012-08-12T10:47:06.450Z,35.661,82.518,13,6.2,Xinjiang-Xizang border region
2012-08-11T12:34:35.900Z,38.389,46.745,12,6.2,northwestern Iran
2012-08-11T12:23:18.190Z,38.329,46.826,11,6.4,northwestern Iran
2012-08-10T18:37:43.090Z,52.633,-167.421,13,6.2,Alaska
2012-08-02T09:56:41.740Z,-4.654,153.275,46,6.1,Papua New Guinea
2012-08-02T09:38:30.850Z,-8.414,-74.259,144.6,6.1,central Peru
2012-07-28T20:03:56.800Z,-4.651,153.173,41,6.5,Papua New Guinea
2012-07-26T05:33:33.020Z,-17.592,66.391,20,6.7,Mauritius - Reunion region
2012-07-25T11:20:27.030Z,-9.694,159.727,20,6.4,Solomon Islands
2012-07-25T00:27:45.260Z,2.707,96.045,22,6.4,Indonesia
2012-07-20T06:10:25.170Z,49.407,155.907,19,6,Kuril Islands
2012-07-08T11:33:02.920Z,45.497,151.288,20,6,Kuril Islands
2012-07-06T02:28:22.190Z,-14.657,167.34,160.1,6.3,Vanuatu
2012-07-03T10:36:15.520Z,-40.023,173.756,229.8,6.3,New Zealand
2012-06-29T21:07:33.860Z,43.433,84.7,18,6.3,China
2012-06-24T03:15:01.280Z,57.601,163.195,10,6,Russia
2012-06-23T04:34:53.180Z,3.009,97.896,95,6.1,Indonesia
2012-06-19T15:56:32.530Z,53.351,171.619,14,6,Alaska
2012-06-17T20:32:20.590Z,38.919,141.831,36,6.3,Japan
2012-06-10T12:44:16.590Z,36.42,28.88,35,6,Greece
2012-06-07T16:03:18.900Z,-15.877,-72.413,110,6.1,southern Peru
2012-06-07T04:05:04.520Z,-36.074,-70.57,8,6,Chile
2012-06-05T19:31:33.750Z,34.943,141.132,15,6.1,Japan
2012-06-04T03:15:24.750Z,5.508,-82.563,7,6.3,south of Panama
2012-06-04T00:45:15.290Z,5.305,-82.629,7,6.3,south of Panama
2012-05-28T05:07:23.450Z,-28.043,-63.094,586.9,6.7,Argentina
2012-05-26T21:48:10.120Z,26.91,140.055,487.4,6,Japan region
2012-05-24T22:47:46.800Z,72.96,5.683,10,6.1,Norwegian Sea
2012-05-23T22:59:52.700Z,-50.42,139.516,10,6,western Indian-Antarctic Ridge
2012-05-20T07:20:36.870Z,39.646,143.164,11,6.3,Japan
2012-05-20T02:03:52.000Z,44.89,11.23,6.3,6,northern Italy
2012-05-18T02:00:39.490Z,-44.806,-80.159,10,6.3,Chile
2012-05-14T10:00:40.230Z,-17.678,-69.591,105.9,6.2,Chile
2012-05-01T22:43:33.340Z,14.376,-92.897,14,6,Mexico
2012-04-28T10:08:08.090Z,-18.685,-174.705,134.7,6.6,Tonga
2012-04-23T17:36:21.170Z,-28.556,-177.412,114,6,Kermadec Islands region
2012-04-21T01:25:13.200Z,-1.635,134.197,17.4,6,Indonesia
2012-04-21T01:16:52.740Z,-1.617,134.276,16,6.7,Indonesia
2012-04-17T19:03:56.370Z,-59.016,-16.612,12,6.2,east of the South Sandwich Islands
2012-04-17T07:13:49.000Z,-5.462,147.117,198,6.8,Papua New Guinea
2012-04-17T03:50:15.610Z,-32.625,-71.365,29,6.7,Chile
2012-04-15T05:57:40.060Z,2.581,90.269,25,6.2,off the west coast of northern Sumatra
2012-04-14T22:05:26.430Z,-18.972,168.741,11,6.2,Vanuatu
2012-04-14T10:56:19.380Z,-57.679,-65.308,15,6.2,Drake Passage
2012-04-12T07:15:48.500Z,28.696,-113.104,13,7,Mexico
2012-04-12T07:06:00.570Z,28.837,-113.027,9,6,Mexico
2012-04-11T22:55:10.250Z,18.229,-102.689,20,6.5,Mexico
2012-04-11T22:41:46.040Z,43.584,-127.638,8,6,off the coast of Oregon
2012-04-11T10:43:10.850Z,0.802,92.463,25.1,8.2,off the west coast of northern Sumatra
2012-04-11T09:27:56.760Z,1.254,91.735,10,6,North Indian Ocean
2012-04-11T08:38:36.720Z,2.327,93.063,20,8.6,off the west coast of northern Sumatra
2012-04-06T16:15:58.010Z,-4.551,153.457,108.5,6.1,Papua New Guinea
2012-04-02T17:36:42.060Z,16.395,-98.316,9,6,Mexico
2012-03-27T11:00:44.500Z,39.859,142.017,15,6.1,Japan
2012-03-26T18:12:52.850Z,10.071,-104.16,10,6,northern East Pacific Rise
2012-03-25T22:37:06.000Z,-35.2,-72.217,40.7,7.1,Chile
2012-03-21T22:15:06.130Z,-6.242,145.955,118,6.6,Papua New Guinea
2012-03-20T18:02:47.440Z,16.493,-98.231,20,7.4,Mexico
2012-03-20T17:56:18.800Z,-3.812,140.266,66,6.1,Indonesia
2012-03-14T21:13:08.040Z,-5.595,151.042,28,6.2,Papua New Guinea
2012-03-14T12:05:04.520Z,35.687,140.695,10,6,Japan
2012-03-14T10:49:24.580Z,40.781,144.761,10,6.1,Japan
2012-03-14T09:08:35.140Z,40.887,144.944,12,6.9,Japan
2012-03-09T07:09:50.950Z,-19.125,169.613,16,6.7,Vanuatu
2012-03-05T07:46:10.040Z,-28.246,-63.294,553.9,6.1,Argentina
2012-03-03T12:19:55.090Z,-22.141,170.34,14,6.6,southeast of the Loyalty Islands
2012-02-26T06:17:19.760Z,51.708,95.991,12,6.7,Russia
2012-02-26T05:21:24.630Z,-24.495,-177.238,10,6,south of the Fiji Islands
2012-02-14T08:19:55.470Z,-10.39,161.102,51,6.4,Solomon Islands
2012-02-06T10:10:19.850Z,9.885,123.095,9,6,Philippines
2012-02-06T03:49:12.520Z,9.999,123.206,11,6.7,Philippines
2012-02-05T16:40:39.160Z,-17.948,167.226,8,6.1,Vanuatu
2012-02-05T00:15:38.900Z,-18.894,168.917,145,6.1,Vanuatu
2012-02-03T03:46:21.150Z,-17.378,167.277,8,6.1,Vanuatu
2012-02-02T13:34:40.650Z,-17.827,167.133,23,7.1,Vanuatu
2012-01-30T05:11:00.950Z,-14.168,-75.635,43,6.4,near the coast of central Peru
2012-01-24T00:52:05.230Z,-24.977,178.52,580.3,6.3,south of the Fiji Islands
2012-01-23T16:04:52.980Z,-36.409,-73.03,20,6.1,Chile
2012-01-22T05:53:42.080Z,-56.759,-25.147,13,6,South Sandwich Islands region
2012-01-21T18:47:11.560Z,14.873,-93.005,45,6.2,Mexico
2012-01-15T14:21:31.370Z,-60.882,-55.965,10,6,South Shetland Islands
2012-01-15T13:40:19.540Z,-60.948,-56.113,8,6.6,South Shetland Islands
2012-01-10T18:36:59.080Z,2.433,93.21,19,7.2,off the west coast of northern Sumatra
2012-01-09T04:07:14.670Z,-10.617,165.16,28,6.4,Santa Cruz Islands
2012-01-01T05:27:55.980Z,31.456,138.072,365.3,6.8,Japan region
2011-12-27T15:21:56.840Z,51.842,95.911,15,6.6,Russia
2011-12-26T04:48:08.870Z,-16.198,-173.862,90,6,Tonga
2011-12-15T10:10:07.210Z,-32.718,-179.099,32,6,south of the Kermadec Islands
2011-12-14T05:04:58.630Z,-7.551,146.809,135,7.1,Papua New Guinea
2011-12-13T07:52:11.930Z,0.041,123.03,161,6,Indonesia
2011-12-11T09:54:55.200Z,-56.009,-28.184,116,6.2,South Sandwich Islands region
2011-12-11T01:47:25.560Z,17.986,-99.789,59,6.5,Mexico
2011-12-07T22:23:09.730Z,-27.899,-70.918,20,6.1,Chile
2011-11-30T00:27:06.990Z,15.455,118.999,9,6,Philippine Islands region
2011-11-28T12:26:45.450Z,-5.48,153.733,25,6.1,Papua New Guinea
2011-11-24T10:25:34.030Z,41.898,142.639,38,6.2,Japan region
2011-11-23T19:24:31.470Z,37.365,141.368,34,6.1,Japan
2011-11-22T18:48:16.300Z,-15.364,-65.09,549.9,6.6,Bolivia
2011-11-17T01:57:05.730Z,-1.702,-81.546,26.6,6,off the coast of Ecuador
2011-11-14T04:05:11.390Z,-0.949,126.91,17,6.3,Molucca Sea
2011-11-11T10:41:37.480Z,-55.981,-124.439,10,6,southern East Pacific Rise
2011-11-08T02:59:08.510Z,27.324,125.621,224.9,6.9,northeast of Taiwan
2011-11-07T22:35:25.630Z,11.56,-85.861,177,6,Nicaragua
2011-11-02T14:59:27.940Z,-55.294,-128.843,10,6.1,Pacific-Antarctic Ridge
2011-11-01T12:32:00.430Z,19.831,-109.205,10,6.3,Revilla Gigedo Islands region
2011-10-28T18:54:34.040Z,-14.438,-75.966,24,6.9,near the coast of central Peru
2011-10-27T00:15:24.520Z,-17.941,-179.531,602.9,6,Fiji region
2011-10-23T10:41:23.250Z,38.721,43.508,18,7.1,eastern Turkey
2011-10-21T17:57:16.100Z,-28.993,-176.238,33,7.4,Kermadec Islands region
2011-10-21T08:02:37.950Z,43.892,142.479,187,6.1,Japan region
2011-10-18T05:05:06.250Z,-5.785,151.037,26,6.1,Papua New Guinea
2011-10-14T06:10:14.600Z,54.08,123.722,12,6,Russia
2011-10-14T03:35:14.810Z,-6.57,147.881,37,6.5,Papua New Guinea
2011-10-13T03:16:30.160Z,-9.35,114.587,39,6.1,Indonesia
2011-10-07T08:58:28.910Z,-32.514,-179.038,36,6.1,south of the Kermadec Islands
2011-09-22T23:07:03.570Z,-15.437,-175.311,10,6.4,Tonga
2011-09-18T12:40:51.830Z,27.73,88.155,50,6.9,India
2011-09-16T19:26:40.260Z,40.273,142.779,30,6.7,Japan
2011-09-15T19:31:04.080Z,-21.611,-179.528,644.6,7.3,Fiji region
2011-09-15T08:00:09.640Z,36.256,141.338,28,6.1,Japan
2011-09-15T07:53:18.630Z,-35.366,-179.039,10,6.1,east of the North Island of New Zealand
2011-09-14T18:10:09.000Z,53.107,172.984,15,6,Alaska
2011-09-09T19:41:34.150Z,49.535,-126.893,22,6.4,Canada region
2011-09-05T17:55:11.220Z,2.965,97.893,91,6.7,Indonesia
2011-09-05T09:52:01.130Z,-15.295,-173.621,37,6.2,Tonga
2011-09-03T22:55:40.920Z,-20.671,169.716,185.1,7,Vanuatu
2011-09-03T04:48:57.310Z,-56.451,-26.847,84,6.4,South Sandwich Islands region
2011-09-02T13:47:09.620Z,-28.398,-63.029,578.9,6.7,Argentina
2011-09-02T10:55:53.590Z,52.171,-171.708,32,6.9,Alaska
2011-09-01T06:14:38.870Z,-12.36,166.656,41,6,Santa Cruz Islands
2011-08-30T06:57:41.610Z,-6.362,126.752,469.8,6.9,Banda Sea
2011-08-24T23:06:17.090Z,-18.155,167.727,13,6.2,Vanuatu
2011-08-24T17:46:11.650Z,-7.641,-74.525,147,7,northern Peru
2011-08-22T20:12:20.950Z,-6.282,104.054,29,6.1,Indonesia
2011-08-20T18:19:23.550Z,-18.311,168.218,28,7.1,Vanuatu
2011-08-20T17:13:06.380Z,-18.308,168.156,35,6.5,Vanuatu
2011-08-20T16:55:02.810Z,-18.365,168.143,32,7.2,Vanuatu
2011-08-19T05:36:33.040Z,37.671,141.652,47,6.2,Japan
2011-08-19T03:54:26.780Z,-16.522,-177.004,407.9,6.2,Fiji region
2011-08-17T11:44:08.370Z,36.765,143.77,9,6.1,Japan
2011-08-16T11:03:56.430Z,-2.323,128.011,26,6.1,Indonesia
2011-08-10T23:45:43.040Z,-7.04,-12.618,10,6,Ascension Island region
2011-08-04T13:51:34.560Z,48.833,154.769,36,6.1,Kuril Islands
2011-07-31T23:38:56.610Z,-3.518,144.828,10,6.6,Papua New Guinea
2011-07-31T14:34:47.320Z,-17.016,171.579,10,6.1,Vanuatu region
2011-07-30T18:53:50.720Z,36.942,140.955,38,6.3,Japan
2011-07-29T07:42:23.400Z,-23.801,179.751,532,6.7,south of the Fiji Islands
2011-07-26T17:44:20.380Z,25.101,-109.525,12,6,Gulf of California
2011-07-25T00:50:47.590Z,-3.182,150.611,10,6.3,Papua New Guinea
2011-07-24T18:51:25.070Z,37.73,141.39,40,6.3,Japan
2011-07-23T04:34:24.180Z,38.898,141.815,41,6.3,Japan
2011-07-21T23:01:42.510Z,-62.496,164.452,10,6,Balleny Islands region
2011-07-20T22:04:59.320Z,-10.34,162.01,21,6,Solomon Islands
2011-07-19T19:35:43.480Z,40.081,71.41,20,6.1,Kyrgyzstan
2011-07-16T19:59:12.890Z,54.787,-161.29,36,6.1,Alaska Peninsula
2011-07-16T00:26:12.640Z,-33.819,-71.832,20,6,Chile
2011-07-15T13:26:02.950Z,-60.762,-23.523,10,6.1,South Sandwich Islands region
2011-07-11T20:47:04.300Z,9.509,122.175,19,6.4,Philippines
2011-07-10T00:57:10.800Z,38.034,143.264,23,7,Japan
2011-07-09T19:35:18.750Z,-29.436,-177.007,15.2,6,New Zealand
2011-07-09T15:02:27.240Z,-29.337,-177.051,14,6,New Zealand
2011-07-06T19:03:18.260Z,-29.539,-176.34,17,7.6,Kermadec Islands region
2011-06-26T12:16:38.600Z,-2.384,136.631,17,6.3,Indonesia
2011-06-24T06:33:07.850Z,-10.925,165.931,72.1,6.1,Santa Cruz Islands
2011-06-24T03:09:39.470Z,52.05,-171.836,52,7.3,Alaska
2011-06-22T21:50:52.350Z,39.955,142.205,33,6.7,Japan
2011-06-21T02:04:15.940Z,-11.479,165.551,14,6,Santa Cruz Islands
2011-06-20T16:36:01.160Z,-21.701,-68.228,128,6.4,Chile
2011-06-16T00:03:35.790Z,-5.928,151.04,16,6.4,Papua New Guinea
2011-06-13T14:31:22.990Z,2.515,126.457,61.1,6.3,Molucca Sea
2011-06-05T11:51:12.010Z,-55.843,146.62,3,6.4,west of Macquarie Island
2011-06-03T00:05:00.830Z,37.285,143.907,14,6.1,Japan
2011-06-01T12:55:22.380Z,-37.578,-73.691,21,6.3,Chile
2011-05-15T18:37:10.370Z,-6.104,154.414,40,6.4,Papua New Guinea
2011-05-15T13:08:13.060Z,0.569,-25.647,10,6.1,central Mid-Atlantic Ridge
2011-05-13T23:35:52.860Z,37.396,141.341,35,6.1,Japan
2011-05-10T08:55:08.930Z,-20.244,168.226,11,6.8,New Caledonia
2011-05-05T14:58:18.680Z,38.17,144.032,11,6,Japan
2011-04-30T08:19:16.710Z,6.854,-82.33,12,6.1,south of Panama
2011-04-24T23:07:51.490Z,-4.586,122.771,8,6.1,Indonesia
2011-04-23T04:16:54.720Z,-10.375,161.2,79,6.8,Solomon Islands
2011-04-21T13:37:03.340Z,35.579,140.305,43,6.2,Japan
2011-04-18T13:03:02.730Z,-34.336,179.874,86,6.6,south of the Kermadec Islands
2011-04-13T19:57:25.420Z,39.583,143.34,22,6,Japan
2011-04-11T23:08:16.870Z,35.417,140.575,15,6.2,Japan
2011-04-11T08:16:12.730Z,37.001,140.401,11,6.6,Japan
2011-04-07T14:32:43.290Z,38.276,141.588,42,7.1,Japan
2011-04-07T13:11:22.400Z,17.208,-94.338,166.2,6.6,Mexico
2011-04-06T14:01:42.560Z,1.612,97.086,20,6,Indonesia
2011-04-03T20:06:40.390Z,-9.848,107.693,14,6.7,Indonesia
2011-04-03T14:07:09.330Z,-17.642,-178.585,551.7,6.4,Fiji region
2011-04-01T13:29:10.690Z,35.662,26.56,59.9,6,Greece
2011-03-31T07:15:30.190Z,38.922,141.821,42,6,Japan
2011-03-31T00:11:58.300Z,-16.541,-177.517,15.5,6.3,Fiji region
2011-03-29T10:54:33.200Z,37.401,142.29,15,6.1,Japan
2011-03-27T22:23:58.800Z,38.415,142.011,19,6.2,Japan
2011-03-26T22:49:40.820Z,-15.848,-179.405,6,6,Fiji region
2011-03-25T11:36:24.490Z,38.772,141.88,39,6.2,Japan
2011-03-24T13:55:12.010Z,20.687,99.822,8,6.9,Myanmar
2011-03-22T09:44:29.330Z,39.851,143.437,13,6.4,Japan
2011-03-22T09:19:06.230Z,37.325,141.791,31,6.1,Japan
2011-03-22T07:18:45.380Z,37.244,144.003,11,6.4,Japan
2011-03-20T08:26:09.580Z,18.994,121.246,27,6,Philippines
2011-03-17T04:13:56.780Z,40.136,142.168,29,6.2,Japan
2011-03-17T02:48:00.030Z,-17.275,167.826,17,6.2,Vanuatu
2011-03-15T15:23:53.850Z,40.335,143.288,18,6.1,Japan
2011-03-15T13:31:46.320Z,35.272,138.582,9,6,Japan
2011-03-15T13:27:56.630Z,37.576,142.237,28,6,Japan
2011-03-14T06:12:36.060Z,37.785,142.456,14,6,Japan
2011-03-13T01:26:04.250Z,35.723,141.637,8,6.1,Japan
2011-03-12T23:24:48.780Z,38.047,141.72,15,6.1,Japan
2011-03-12T13:15:41.650Z,37.249,141.159,38,6.1,Japan
2011-03-12T01:47:15.400Z,37.594,142.648,20,6.5,Japan
2011-03-11T20:11:24.060Z,39.005,142.633,17.4,6.1,Japan
2011-03-11T19:46:50.880Z,40.483,139.055,10,6.2,Japan
2011-03-11T19:02:59.170Z,39.342,142.872,27.1,6,Japan
2011-03-11T18:59:16.540Z,37.014,138.376,9.3,6.2,Japan
2011-03-11T15:20:08.190Z,36.398,141.864,52.8,6,Japan
2011-03-11T15:13:14.680Z,35.994,141.808,21,6.3,Japan
2011-03-11T11:36:40.920Z,39.241,142.463,25.7,6.6,Japan
2011-03-11T10:10:34.220Z,39.185,142.76,26.5,6,Japan
2011-03-11T08:33:00.780Z,39.14,142.967,27.6,6,Japan
2011-03-11T08:31:09.260Z,37.469,141.176,37.3,6,Japan
2011-03-11T08:27:51.600Z,38.017,142.657,42.8,6,Japan
2011-03-11T08:26:36.930Z,37.367,143.017,17,6.1,Japan
2011-03-11T08:19:24.380Z,36.166,141.562,6.8,6.5,Japan
2011-03-11T08:15:41.850Z,37.047,144.541,41,6.1,Japan
2011-03-11T08:12:07.260Z,36.569,141.486,39.6,6.2,Japan
2011-03-11T07:30:18.450Z,37.442,141.195,49.2,6,Japan
2011-03-11T07:29:01.830Z,39.031,142.349,45.4,6.3,Japan
2011-03-11T07:28:12.360Z,36.823,141.824,28.4,6.1,Japan
2011-03-11T07:25:36.460Z,37.934,144.529,39.5,6.1,Japan
2011-03-11T07:14:58.820Z,36.586,141.823,24.7,6.3,Japan
2011-03-11T06:59:00.270Z,37.357,144.725,35.9,6.3,Japan
2011-03-11T06:57:16.510Z,35.712,140.875,47.5,6,Japan
2011-03-11T06:49:16.610Z,37.337,144.237,47.3,6.1,Japan
2011-03-11T06:48:45.590Z,37.961,142.724,11.7,6.2,Japan
2011-03-11T06:29:15.990Z,37.812,144.233,40.6,6.1,Japan
2011-03-11T06:25:50.300Z,38.058,144.59,18.6,7.7,Japan
2011-03-11T06:23:09.480Z,39.03,142.284,56.3,6.2,Japan
2011-03-11T06:21:32.700Z,38.29,142.813,51.7,6.2,Japan
2011-03-11T06:20:04.110Z,36.004,142.067,49.3,6.5,Japan
2011-03-11T06:18:49.510Z,36.023,142.269,16,6.6,Japan
2011-03-11T06:15:40.280Z,36.281,141.111,42.6,7.9,Japan
2011-03-11T06:15:23.120Z,37.93,143.802,35,6.3,Japan
2011-03-11T06:13:01.040Z,37.211,141.601,40.1,6.2,Japan
2011-03-11T06:12:36.360Z,37.788,144.233,25.4,6.2,Japan
2011-03-11T06:08:29.660Z,38.969,143.37,2.8,6.7,Japan
2011-03-11T06:07:20.880Z,36.419,141.876,32.3,6.4,Japan
2011-03-11T06:06:13.170Z,39.003,142.29,42.7,6.3,Japan
2011-03-11T06:00:39.300Z,38.095,142.492,40.6,6.2,Japan
2011-03-11T05:58:07.490Z,37.623,142.155,50.7,6.3,Japan
2011-03-11T05:55:45.480Z,37.359,143.351,35,6.4,Japan
2011-03-11T05:54:31.940Z,37.712,141.184,32.3,6.3,Japan
2011-03-11T05:46:24.120Z,38.297,142.373,29,9.1,Japan
2011-03-10T17:08:36.860Z,-6.873,116.72,510.6,6.5,Bali Sea
2011-03-09T21:24:49.760Z,-5.985,149.777,29,6.4,Papua New Guinea
2011-03-09T21:24:01.680Z,38.296,142.808,15,6.5,Japan
2011-03-09T21:22:17.580Z,38.345,142.648,23,6,Japan
2011-03-09T18:16:16.440Z,38.315,142.434,22,6,Japan
2011-03-09T02:45:20.330Z,38.435,142.842,32,7.3,Japan
2011-03-07T00:09:36.450Z,-10.349,160.766,22,6.3,Solomon Islands
2011-03-06T14:32:36.080Z,-56.422,-27.063,87.7,6.5,South Sandwich Islands region
2011-03-06T12:31:59.780Z,-18.021,-69.362,118,6.3,Chile
2011-03-01T00:53:46.340Z,-29.701,-111.981,10,6,Easter Island region
2011-02-21T23:51:42.350Z,-43.583,172.68,5.9,6.1,South Island of New Zealand
2011-02-21T10:57:52.410Z,-26.142,178.394,558.1,6.5,south of the Fiji Islands
2011-02-20T21:43:24.150Z,55.918,162.117,33,6.1,Russia
2011-02-15T13:33:53.180Z,-2.497,121.483,16.2,6.1,Indonesia
2011-02-14T03:40:09.920Z,-35.38,-72.834,21,6.7,Chile
2011-02-13T10:35:06.740Z,-36.649,-73.176,17,6,Chile
2011-02-12T17:57:56.130Z,-20.879,-175.672,85,6.1,Tonga
2011-02-12T01:17:01.410Z,-37.027,-72.954,16,6.1,Chile
2011-02-11T20:05:30.910Z,-36.422,-72.96,26,6.9,Chile
2011-02-10T14:41:58.820Z,4.077,123.039,525,6.6,Celebes Sea
2011-02-10T14:39:27.710Z,4.195,122.974,523.2,6.5,Celebes Sea
2011-02-07T19:53:42.910Z,-7.154,155.184,415,6.4,Solomon Islands
2011-02-04T13:53:46.260Z,24.618,94.68,85,6.2,Myanmar-India border region
2011-01-31T06:03:27.300Z,-22.009,-175.622,76,6,Tonga region
2011-01-29T06:55:27.520Z,70.931,-6.657,15,6.2,Jan Mayen Island region
2011-01-27T08:38:28.340Z,28.195,59.015,10,6.2,southeastern Iran
2011-01-26T15:42:29.590Z,2.205,96.829,23,6.1,Indonesia
2011-01-24T02:45:31.520Z,38.413,72.791,110,6,Tajikistan
2011-01-18T20:23:23.480Z,28.777,63.951,68,7.2,southwestern Pakistan
2011-01-17T19:20:57.210Z,-5.03,102.647,36,6,Indonesia
2011-01-13T16:16:41.540Z,-20.628,168.471,9,7,New Caledonia
2011-01-12T21:32:53.860Z,26.973,139.882,512,6.4,Japan region
2011-01-09T17:21:51.650Z,-19.201,168.155,18,6.1,Vanuatu
2011-01-09T10:03:43.990Z,-19.155,168.312,22,6.5,Vanuatu
2011-01-05T06:46:14.630Z,-22.26,171.631,112.2,6.1,southeast of the Loyalty Islands
2011-01-02T20:20:17.780Z,-38.355,-73.326,24,7.2,Chile
2011-01-01T09:56:58.120Z,-26.803,-63.136,576.8,7,Argentina
2010-12-29T06:54:19.640Z,-19.661,168.14,16,6.4,Vanuatu
2010-12-28T08:34:17.550Z,-23.407,-179.802,551,6.3,south of the Fiji Islands
2010-12-26T02:13:37.680Z,-19.616,168.284,13,6,Vanuatu
2010-12-25T13:16:37.000Z,-19.702,167.947,16,7.3,Vanuatu region
2010-12-23T14:00:32.330Z,53.127,171.161,18,6.4,Alaska
2010-12-22T21:49:40.080Z,26.81,143.595,18,6.4,Japan region
2010-12-21T17:19:40.660Z,26.901,143.698,14,7.4,Japan region
2010-12-20T18:41:59.200Z,28.412,59.18,12,6.7,southeastern Iran
2010-12-15T11:29:30.840Z,-7.268,128.786,134.9,6,Indonesia
2010-12-13T01:14:42.320Z,-6.534,155.647,135.8,6.2,Papua New Guinea
2010-12-08T05:24:35.260Z,-56.412,-25.741,29.4,6.3,South Sandwich Islands region
2010-12-02T03:12:09.820Z,-6.001,149.977,33,6.6,Papua New Guinea
2010-12-01T16:01:27.440Z,-15.888,-178.956,15.2,6.1,Fiji region
2010-11-30T03:24:40.180Z,28.349,139.187,470,6.8,Japan region
2010-11-23T09:01:06.860Z,-5.959,148.966,68,6.1,Papua New Guinea
2010-11-21T04:36:31.440Z,-54.967,-131.479,10,6,Pacific-Antarctic Ridge
2010-11-10T04:05:24.410Z,-45.464,96.394,10,6.5,southeast Indian Ridge
2010-11-03T23:34:42.480Z,-20.466,-174.28,18,6.1,Tonga
2010-11-03T11:18:15.570Z,-4.617,134.071,10,6,Indonesia
2010-10-30T15:18:33.070Z,-56.586,-142.292,10,6.4,Pacific-Antarctic Ridge
2010-10-25T19:37:31.150Z,-2.958,100.372,26,6.3,Indonesia
2010-10-25T14:42:22.460Z,-3.487,100.082,20.1,7.8,Indonesia
2010-10-21T17:53:13.570Z,24.696,-109.156,13,6.7,Gulf of California
2010-10-08T05:43:08.070Z,2.831,128.217,120,6.2,Indonesia
2010-10-08T03:49:10.720Z,51.287,-175.18,27.7,6,Alaska
2010-10-08T03:26:13.710Z,51.374,-175.361,19,6.4,Alaska
2010-10-04T13:28:38.860Z,24.27,125.154,32,6.3,Japan
2010-09-29T17:11:25.940Z,-4.963,133.76,26,7,Indonesia
2010-09-29T17:10:51.080Z,-4.909,133.712,10,6.2,Indonesia
2010-09-26T12:12:41.710Z,-5.314,133.917,30,6,Indonesia
2010-09-17T19:21:15.010Z,36.443,70.774,220.1,6.3,Afghanistan
2010-09-09T07:28:01.720Z,-37.034,-73.412,16,6.2,Chile
2010-09-08T11:37:31.890Z,-20.671,169.818,10,6.3,Vanuatu
2010-09-07T16:13:32.060Z,-15.879,-179.306,9,6.3,Fiji region
2010-09-04T08:52:04.100Z,-17.368,-173.999,69,6.1,Tonga
2010-09-03T16:35:47.770Z,-43.522,171.83,12,7,South Island of New Zealand
2010-09-03T11:16:06.600Z,51.451,-175.87,23.5,6.5,Alaska
2010-08-24T02:11:59.090Z,18.795,-107.193,10,6.2,Mexico
2010-08-20T17:56:14.150Z,-6.57,154.246,19,6.1,Papua New Guinea
2010-08-18T16:28:15.440Z,12.234,141.514,10,6.3,Mariana Islands region
2010-08-16T19:35:49.000Z,-20.799,-178.826,603.2,6.2,Fiji region
2010-08-16T03:30:53.310Z,-17.759,65.647,9.8,6.3,Mauritius - Reunion region
2010-08-15T15:09:29.240Z,-5.692,148.342,174.7,6.3,Papua New Guinea
2010-08-14T23:01:04.090Z,12.273,141.429,13,6.6,Mariana Islands region
2010-08-14T07:30:16.940Z,12.348,141.487,10,6.2,Mariana Islands region
2010-08-13T21:19:34.090Z,12.487,141.474,16,6.9,Mariana Islands region
2010-08-12T11:54:15.580Z,-1.266,-77.306,206.7,7.1,Ecuador
2010-08-10T05:23:44.980Z,-17.541,168.069,25,7.3,Vanuatu
2010-08-04T23:48:02.070Z,45.98,153.175,27.8,6,east of the Kuril Islands
2010-08-04T22:01:43.620Z,-5.746,150.765,44,7,Papua New Guinea
2010-08-04T12:58:24.200Z,51.423,-178.649,27,6.4,Alaska
2010-08-04T07:15:33.510Z,-5.486,146.822,220,6.5,Papua New Guinea
2010-08-04T04:46:20.380Z,-26.916,-177.245,19,6,south of the Fiji Islands
2010-08-03T12:08:25.950Z,1.239,126.213,41,6.3,Molucca Sea
2010-07-30T03:56:13.710Z,52.498,159.843,23,6.3,Russia
2010-07-29T07:31:56.240Z,6.548,123.222,618,6.6,Philippines
2010-07-24T05:35:01.060Z,6.218,123.519,553,6.6,Philippines
2010-07-23T23:15:10.190Z,6.776,123.259,640.6,7.5,Philippines
2010-07-23T22:51:11.840Z,6.497,123.48,578,7.6,Philippines
2010-07-23T22:08:11.250Z,6.718,123.409,607.1,7.3,Philippines
2010-07-22T05:03:56.440Z,-15.132,168.162,6,6.1,Vanuatu
2010-07-21T09:16:04.420Z,3.039,128.222,100,6.1,Indonesia
2010-07-20T19:18:20.370Z,-5.902,150.712,24,6.3,Papua New Guinea
2010-07-18T19:48:04.540Z,52.815,-169.719,10,6,Alaska
2010-07-18T13:34:59.360Z,-5.931,150.59,35,7.3,Papua New Guinea
2010-07-18T13:04:09.410Z,-5.966,150.428,28,6.9,Papua New Guinea
2010-07-18T05:56:44.930Z,52.876,-169.848,14,6.7,Alaska
2010-07-14T08:32:21.490Z,-38.067,-73.31,22,6.6,Chile
2010-07-12T00:11:21.250Z,-22.146,-68.216,115,6.3,Chile
2010-07-10T11:43:32.790Z,11.143,145.999,13,6.3,south of the Mariana Islands
2010-07-04T21:55:51.980Z,39.697,142.369,27,6.3,Japan
2010-07-02T06:04:03.130Z,-13.643,166.485,29,6.3,Vanuatu
2010-06-30T07:22:27.690Z,16.396,-97.782,20,6.3,Mexico
2010-06-30T04:31:02.160Z,-23.307,179.116,581.4,6.4,south of the Fiji Islands
2010-06-26T05:30:19.490Z,-10.627,161.447,35,6.7,Solomon Islands
2010-06-24T05:32:27.400Z,-5.514,151.161,40,6.1,Papua New Guinea
2010-06-18T02:23:05.580Z,44.448,148.689,28,6.2,Kuril Islands
2010-06-17T13:06:46.590Z,-33.168,179.719,170.4,6,south of the Kermadec Islands
2010-06-16T03:58:08.480Z,-2.329,136.484,10.5,6.6,Indonesia
2010-06-16T03:16:27.550Z,-2.174,136.543,18,7,Indonesia
2010-06-16T03:06:02.420Z,-2.386,136.635,13,6.2,Indonesia
2010-06-12T19:26:50.460Z,7.881,91.936,35,7.5,India region
2010-06-09T23:23:17.350Z,-18.597,169.485,12,6,Vanuatu
2010-06-01T03:26:15.760Z,9.331,-84.206,18,6,Costa Rica
2010-05-31T19:51:45.870Z,11.132,93.471,112,6.5,India region
2010-05-31T10:16:00.230Z,6.948,124.025,20,6,Philippines
2010-05-27T20:48:00.440Z,-13.658,166.745,35,6.1,Vanuatu
2010-05-27T17:14:46.570Z,-13.698,166.643,31,7.2,Vanuatu
2010-05-26T08:53:08.030Z,25.773,129.944,10,6.5,Japan
2010-05-25T10:09:05.780Z,35.336,-35.924,10,6.3,northern Mid-Atlantic Ridge
2010-05-24T16:18:29.090Z,-8.087,-71.558,581.2,6.5,Brazil
2010-05-23T22:46:52.050Z,-13.928,-74.352,101.4,6.1,central Peru
2010-05-19T10:51:03.080Z,-54.843,-135.398,10,6,Pacific-Antarctic Ridge
2010-05-19T10:30:10.400Z,-54.8,-135.252,10,6,Pacific-Antarctic Ridge
2010-05-19T04:15:43.230Z,-5.083,-77.541,132,6,northern Peru
2010-05-09T05:59:41.620Z,3.748,96.018,38,7.2,Indonesia
2010-05-06T02:42:47.940Z,-18.058,-70.547,37,6.2,Chile
2010-05-05T16:29:03.210Z,-4.054,101.096,27,6.5,Indonesia
2010-05-03T23:09:44.790Z,-38.072,-73.454,19,6.3,Chile
2010-05-03T10:27:45.090Z,29.645,140.951,84,6.1,Japan region
2010-04-30T23:16:28.640Z,60.478,-177.65,14.9,6.3,Bering Sea
2010-04-30T23:11:43.100Z,60.473,-177.877,12,6.5,Bering Sea
2010-04-26T02:59:52.150Z,22.18,123.623,22,6.5,southeast of Taiwan
2010-04-24T07:41:00.410Z,-1.912,128.122,27,6,Indonesia
2010-04-23T10:03:06.180Z,-37.529,-72.969,32,6,Chile
2010-04-21T17:20:29.110Z,-15.271,-173.219,35,6.1,Tonga
2010-04-17T23:15:22.020Z,-6.669,147.291,53,6.2,Papua New Guinea
2010-04-14T01:25:15.580Z,33.195,96.449,7.6,6.1,China
2010-04-13T23:49:38.330Z,33.165,96.548,17,6.9,China
2010-04-11T22:08:12.790Z,36.965,-3.542,609.8,6.3,Strait of Gibraltar
2010-04-11T09:40:25.600Z,-10.878,161.116,21,6.9,Solomon Islands
2010-04-10T16:54:24.250Z,-20.114,-176.223,273.2,6,Fiji region
2010-04-07T14:33:01.930Z,-3.76,141.943,23,6,Papua New Guinea
2010-04-06T22:15:01.580Z,2.383,97.048,31,7.8,Indonesia
2010-04-05T10:05:44.630Z,-0.183,125.009,25,6.2,Molucca Sea
2010-04-04T22:40:42.360Z,32.2861667,-115.2953333,9.987,7.2,MX
2010-04-02T22:58:07.560Z,-36.227,-72.878,24,6,Chile
2010-03-30T16:54:46.730Z,13.667,92.831,34,6.6,India region
2010-03-28T21:38:28.000Z,-35.387,-73.385,29.9,6,Chile
2010-03-26T14:52:07.230Z,-27.953,-70.821,42,6.3,Chile
2010-03-25T05:29:24.720Z,13.827,120.071,16,6,Philippines
2010-03-20T14:00:49.980Z,-3.361,152.245,414.6,6.6,Papua New Guinea
2010-03-16T02:21:57.940Z,-36.217,-73.257,18,6.7,Chile
2010-03-15T11:08:28.960Z,-35.802,-73.158,14,6.2,Chile
2010-03-14T08:08:03.960Z,37.745,141.59,32,6.5,Japan
2010-03-14T00:57:44.700Z,-1.692,128.135,53,6.4,Indonesia
2010-03-11T15:06:02.130Z,-34.47,-72.004,31.5,6,Chile
2010-03-11T14:55:27.510Z,-34.326,-71.799,18,7,Chile
2010-03-11T14:39:43.950Z,-34.29,-71.891,11,6.9,Chile
2010-03-08T09:47:08.890Z,19.348,144.743,427,6.1,Northern Mariana Islands
2010-03-08T02:32:34.710Z,38.864,39.986,12,6.1,eastern Turkey
2010-03-07T07:05:24.640Z,-16.236,-115.296,18,6.3,southern East Pacific Rise
2010-03-05T16:07:00.680Z,-3.762,100.991,26,6.8,Indonesia
2010-03-05T11:47:06.820Z,-36.665,-73.374,18,6.6,Chile
2010-03-05T09:19:36.380Z,-36.631,-73.223,29.9,6.1,Chile
2010-03-04T22:39:26.530Z,-22.227,-68.328,114,6.3,Chile
2010-03-04T14:02:27.550Z,-13.571,167.227,176,6.5,Vanuatu
2010-03-04T01:59:48.670Z,-33.216,-72.125,24.2,6,Chile
2010-03-04T00:18:51.290Z,22.918,120.795,21,6.3,Taiwan
2010-03-03T17:44:25.040Z,-36.61,-73.36,20,6.1,Chile
2010-02-28T11:25:35.920Z,-34.903,-71.617,46,6.2,Chile
2010-02-27T23:12:34.910Z,-34.7,-71.827,35,6,Chile
2010-02-27T19:00:06.860Z,-33.422,-71.828,31.1,6.2,Chile
2010-02-27T17:24:30.590Z,-36.354,-73.208,19,6.1,Chile
2010-02-27T15:45:37.000Z,-24.872,-65.602,10,6.3,Argentina
2010-02-27T10:30:36.400Z,-33.281,-71.955,35,6,Chile
2010-02-27T10:30:10.000Z,-37.878,-73.545,20,6,Chile
2010-02-27T08:25:29.620Z,-34.749,-72.427,35,6.1,Chile
2010-02-27T08:01:23.010Z,-37.773,-75.048,35,7.4,Chile
2010-02-27T07:37:17.960Z,-36.869,-72.673,35,6,Chile
2010-02-27T07:12:28.450Z,-33.878,-71.943,35,6,Chile
2010-02-27T06:52:34.020Z,-34.867,-72.614,35,6.2,Chile
2010-02-27T06:51:17.650Z,-31.663,-69.141,39.8,6,Argentina
2010-02-27T06:34:11.530Z,-36.122,-72.898,22.9,8.8,Chile
2010-02-26T20:31:26.970Z,25.93,128.425,25,7,Japan
2010-02-22T07:00:51.320Z,-23.626,-176.036,15,6,south of the Fiji Islands
2010-02-18T01:13:19.510Z,42.587,130.703,577.7,6.9,China-Russia-North Korea border region
2010-02-15T21:51:47.790Z,-7.217,128.723,126,6.2,Indonesia
2010-02-13T02:34:28.860Z,-21.902,-174.767,11,6.1,Tonga
2010-02-09T01:03:44.440Z,-15.053,-173.492,10,6.1,Tonga
2010-02-07T06:10:00.230Z,23.488,123.615,21,6.3,Japan
2010-02-06T04:44:58.400Z,46.836,152.731,30,6,Kuril Islands
2010-02-05T06:59:05.500Z,-47.911,99.593,1,6.2,southeast Indian Ridge
2010-02-04T20:20:18.530Z,40.431,-124.929,6.929,6,CA
2010-02-01T22:28:16.920Z,-6.112,154.463,32,6.2,Papua New Guinea
2010-01-17T12:00:01.080Z,-57.664,-65.879,5,6.3,Drake Passage
2010-01-12T22:00:41.490Z,18.387,-72.784,10,6,Haiti region
2010-01-12T21:53:10.060Z,18.443,-72.571,13,7,Haiti region
2010-01-10T00:27:39.320Z,40.652,-124.692,29.3,6.5,offshore Northern California
2010-01-09T05:51:30.470Z,-9.131,157.626,12,6.2,Solomon Islands
2010-01-05T13:11:42.820Z,-9.05,157.892,35,6,Solomon Islands
2010-01-05T12:15:32.210Z,-9.019,157.551,15.4,6.8,Solomon Islands
2010-01-05T04:55:39.410Z,-58.173,-14.695,13,6.8,east of the South Sandwich Islands
2010-01-03T22:36:25.640Z,-8.783,157.354,10,7.1,Solomon Islands
2010-01-03T21:48:02.870Z,-8.726,157.487,10,6.6,Solomon Islands
2010-01-02T08:45:33.020Z,12.424,141.949,8,6.1,Mariana Islands region
2009-12-31T09:23:24.010Z,-59.401,-150.975,10,6,Pacific-Antarctic Ridge
2009-12-26T08:57:27.720Z,-5.53,131.205,85,6.1,Banda Sea
2009-12-24T00:23:31.700Z,42.245,134.719,392,6.3,Russia
2009-12-23T01:11:58.200Z,-1.434,99.393,19,6,Indonesia
2009-12-19T23:19:15.550Z,-10.108,33.818,6,6,Malawi
2009-12-19T13:02:15.570Z,23.796,121.605,43,6.4,Taiwan
2009-12-14T08:54:01.820Z,-5.958,154.444,39,6,Papua New Guinea
2009-12-10T02:30:52.690Z,53.417,152.756,656.2,6.3,Sea of Okhotsk
2009-12-09T21:29:02.890Z,2.759,95.91,21,6,Indonesia
2009-12-09T16:00:43.330Z,-0.642,-21.072,10,6.4,central Mid-Atlantic Ridge
2009-12-09T09:46:03.300Z,-22.15,170.963,45,6.4,southeast of the Loyalty Islands
2009-12-03T06:12:32.490Z,-56.476,-122.321,10,6,southern East Pacific Rise
2009-11-28T18:10:20.630Z,5.326,126.288,38.8,6.1,Philippines
2009-11-28T09:21:17.980Z,-29.216,-177.018,28,6,New Zealand
2009-11-28T06:04:22.200Z,-10.403,118.885,15,6,Indonesia
2009-11-24T12:47:15.660Z,-20.708,-174.035,18,6.8,Tonga
2009-11-22T22:47:27.480Z,-31.569,179.467,435.7,6.2,Kermadec Islands region
2009-11-22T07:48:20.610Z,-17.794,-178.425,522.6,6.4,Fiji region
2009-11-17T15:30:47.440Z,52.123,-131.395,17,6.6,Canada
2009-11-14T19:44:29.930Z,-22.965,-66.641,220.4,6.2,Argentina
2009-11-13T03:05:57.220Z,-19.394,-70.321,27,6.5,Chile
2009-11-10T02:48:46.790Z,8.082,91.899,23,6,India region
2009-11-09T10:44:55.110Z,-17.239,178.331,595,7.3,Fiji
2009-11-08T19:41:43.360Z,-8.207,118.631,18,6.6,Indonesia
2009-11-05T09:43:20.710Z,-52.292,160.703,10,6,Macquarie Island region
2009-11-02T10:47:13.240Z,-24.121,-175.173,9,6.2,south of Tonga
2009-10-30T07:03:39.120Z,29.218,129.782,34,6.8,Japan
2009-10-29T17:44:32.060Z,36.391,70.722,210,6.2,Afghanistan
2009-10-27T00:04:46.230Z,-59.955,-65.163,10,6,Drake Passage
2009-10-25T07:53:52.150Z,-23.091,-179.205,417.9,6,south of the Fiji Islands
2009-10-24T14:40:43.720Z,-6.133,130.385,130,6.9,Banda Sea
2009-10-23T15:14:13.060Z,-12.196,166.047,31.1,6,Santa Cruz Islands
2009-10-22T19:51:27.520Z,36.517,70.95,185.9,6.2,Afghanistan
2009-10-22T00:51:39.210Z,6.729,-82.579,18,6,south of Panama
2009-10-19T22:49:38.410Z,-15.36,-172.264,18,6,Samoa Islands region
2009-10-16T09:52:50.830Z,-6.534,105.223,38,6.1,Indonesia
2009-10-15T17:48:21.890Z,3.272,-103.823,10,6,Galapagos Triple Junction region
2009-10-15T12:11:16.410Z,-3.058,139.539,105.7,6,Indonesia
2009-10-14T18:00:21.770Z,-14.91,-174.823,10,6.3,Samoa Islands region
2009-10-13T20:21:53.200Z,52.604,-167.118,14,6.4,Alaska
2009-10-13T11:38:05.310Z,2.93,128.232,32,6,Indonesia
2009-10-13T05:37:23.690Z,52.754,-166.997,24,6.5,Alaska
2009-10-12T09:37:21.480Z,-12.414,166.498,42,6.2,Santa Cruz Islands
2009-10-12T03:15:47.280Z,-17.099,66.688,10,6.2,Mauritius - Reunion region
2009-10-11T03:12:13.470Z,-22,170.248,10,6,southeast of the Loyalty Islands
2009-10-10T21:24:38.530Z,47.851,152.455,112,6,Kuril Islands
2009-10-08T21:16:13.850Z,-12.912,166.314,35,6,Santa Cruz Islands
2009-10-08T10:11:07.460Z,-11.263,165.819,44.7,6.1,Santa Cruz Islands
2009-10-08T08:34:36.960Z,-12.237,166.489,35,6,Santa Cruz Islands
2009-10-08T08:28:47.970Z,-13.298,165.91,35,6.8,Vanuatu
2009-10-07T23:13:48.160Z,-13.093,166.497,31.1,7.4,Vanuatu
2009-10-07T22:50:15.780Z,-12.39,166.086,21,6.8,Santa Cruz Islands
2009-10-07T22:18:51.240Z,-12.517,166.382,35,7.8,Santa Cruz Islands
2009-10-07T22:03:14.470Z,-13.006,166.51,45,7.7,Vanuatu
2009-10-07T21:41:13.270Z,4.079,122.371,574,6.8,Celebes Sea
2009-10-04T10:58:00.170Z,6.74,123.378,620,6.6,Philippines
2009-10-03T17:36:06.120Z,23.63,121.452,28,6.1,Taiwan
2009-10-02T15:47:09.350Z,-17.017,174.505,10,6,Fiji region
2009-10-02T01:07:39.260Z,-16.335,-173.471,8,6.1,Tonga
2009-10-01T01:52:27.320Z,-2.482,101.524,9,6.6,Indonesia
2009-09-30T10:16:09.250Z,-0.72,99.867,81,7.6,Indonesia
2009-09-29T23:45:03.460Z,-15.832,-172.551,10,6,Samoa Islands region
2009-09-29T17:56:05.790Z,-15.355,-173.159,10,6,Tonga
2009-09-29T17:48:10.990Z,-15.489,-172.095,18,8.1,Samoa Islands region
2009-09-24T07:16:20.260Z,18.829,-107.339,13,6.4,Mexico
2009-09-23T02:59:30.530Z,-52.963,159.911,10,6,Macquarie Island region
2009-09-21T08:53:05.910Z,27.332,91.437,14,6.1,Bhutan
2009-09-17T23:21:38.520Z,-29.144,-112.267,10,6.2,Easter Island region
2009-09-12T20:06:25.470Z,10.709,-67.927,14,6.4,Venezuela
2009-09-10T02:46:50.350Z,48.317,154.192,36,6,Kuril Islands
2009-09-07T22:41:37.360Z,42.66,43.443,15,6,Georgia (Sak'art'velo)
2009-09-07T16:12:22.560Z,-10.198,110.628,23,6.2,Indonesia
2009-09-03T13:26:17.950Z,31.14,130.014,163,6.2,Japan
2009-09-02T18:00:09.330Z,-29.395,-178.956,257,6.2,New Zealand
2009-09-02T07:55:01.050Z,-7.782,107.297,46,7,Indonesia
2009-08-30T14:51:32.890Z,-15.223,-172.571,11,6.6,Samoa Islands region
2009-08-28T01:52:06.640Z,37.696,95.718,13,6.3,China
2009-08-28T01:51:20.400Z,-7.146,123.427,642.4,6.9,Banda Sea
2009-08-20T06:35:04.430Z,72.2,0.944,6,6,Norwegian Sea
2009-08-18T21:20:47.550Z,-26.064,-178.391,269.8,6.3,south of the Fiji Islands
2009-08-17T10:10:56.500Z,23.426,123.516,15,6.1,Japan
2009-08-17T00:05:49.030Z,23.501,123.499,20,6.7,Japan
2009-08-16T07:38:21.700Z,-1.479,99.49,20,6.7,Indonesia
2009-08-12T22:48:51.420Z,32.821,140.395,53,6.6,Japan region
2009-08-10T20:07:09.110Z,34.743,138.264,40.4,6.2,Japan
2009-08-10T19:55:38.730Z,14.099,92.902,24,7.5,India region
2009-08-10T04:06:31.000Z,-11.612,166.09,35,6.6,Santa Cruz Islands
2009-08-09T10:55:55.110Z,33.167,137.944,292,7.1,Japan
2009-08-05T08:31:40.480Z,-45.554,166.356,10,6.1,off the west coast of the South Island of New Zealand
2009-08-05T00:17:58.820Z,24.233,125.095,25,6.1,Japan
2009-08-03T18:40:50.100Z,29.31,-113.728,10,6.2,Mexico
2009-08-03T17:59:56.170Z,29.039,-112.903,10,6.9,Mexico
2009-08-02T08:54:33.360Z,-0.447,132.908,20,6.1,Indonesia
2009-08-01T13:33:29.950Z,-56.234,-124.296,10,6.1,southern East Pacific Rise
2009-07-15T20:10:42.660Z,-3.375,150.506,13.4,6.1,Papua New Guinea
2009-07-15T09:22:29.030Z,-45.762,166.562,12,7.8,off the west coast of the South Island of New Zealand
2009-07-13T18:05:01.420Z,24.056,122.201,17,6.3,Taiwan region
2009-07-12T06:12:47.330Z,-15.041,-70.445,198.9,6.1,southern Peru
2009-07-08T19:23:37.730Z,-36.004,-102.686,12,6,southeast of Easter Island
2009-07-07T19:11:46.710Z,75.351,-72.453,19,6.1,Baffin Bay
2009-07-06T14:53:12.240Z,50.435,176.992,22,6.1,Alaska
2009-07-04T06:49:35.510Z,9.59,-78.966,38,6.1,Panama
2009-07-03T11:00:14.630Z,25.131,-109.754,10,6,Gulf of California
2009-07-01T09:30:10.410Z,34.164,25.471,19,6.4,Greece
2009-06-23T14:19:22.350Z,-5.157,153.782,64,6.7,Papua New Guinea
2009-06-16T20:05:56.990Z,-54.366,5.871,10,6.1,Bouvet Island region
2009-06-14T05:58:43.270Z,5.361,126.438,35,6.1,Philippines
2009-06-12T09:44:15.060Z,-17.611,167.812,15,6,Vanuatu
2009-06-06T20:33:28.830Z,23.864,-46.105,14,6,northern Mid-Atlantic Ridge
2009-06-05T03:30:33.060Z,41.824,143.445,29,6.4,Japan region
2009-06-04T17:25:25.500Z,-45.833,35.139,16,6,Prince Edward Islands region
2009-06-02T02:17:03.510Z,-17.757,167.949,15,6.3,Vanuatu
2009-05-28T08:24:46.560Z,16.731,-86.217,19,7.3,offshore Honduras
2009-05-24T00:58:02.110Z,-31.475,-177.683,4,6,Kermadec Islands region
2009-05-16T00:53:51.250Z,-31.553,-178.833,43,6.5,Kermadec Islands region
2009-05-12T01:26:26.580Z,-5.664,149.543,89,6.1,Papua New Guinea
2009-05-10T01:16:06.960Z,1.393,-85.169,6,6.1,off the coast of Ecuador
2009-05-03T16:21:45.270Z,14.546,-91.143,108,6.3,Guatemala
2009-04-26T00:06:53.150Z,-30.3,-178.582,131.7,6.1,New Zealand
2009-04-21T05:26:11.520Z,50.833,155.009,152,6.2,Kuril Islands
2009-04-19T05:23:25.880Z,4.136,126.678,25,6.1,Indonesia
2009-04-18T19:17:58.930Z,46.015,151.427,35,6.6,Kuril Islands
2009-04-17T02:08:08.710Z,-19.584,-70.483,25,6.1,Chile
2009-04-16T14:57:06.200Z,-60.203,-26.858,20,6.7,South Sandwich Islands region
2009-04-15T20:01:34.680Z,-3.115,100.471,22,6.3,Indonesia
2009-04-07T04:23:33.150Z,46.049,151.548,31,6.9,Kuril Islands
2009-04-06T01:32:39.000Z,42.334,13.334,8.8,6.3,central Italy
2009-04-04T05:31:55.480Z,5.149,127.201,48,6.3,Philippine Islands region
2009-04-01T03:54:58.770Z,-3.522,144.102,10,6.4,Papua New Guinea
2009-03-30T07:13:07.280Z,56.546,-152.743,21,6,Alaska
2009-03-28T17:59:31.750Z,-2.952,139.543,93,6,Indonesia
2009-03-19T18:17:40.470Z,-23.043,-174.66,31,7.6,Tonga region
2009-03-16T14:15:56.460Z,3.807,126.552,35,6.3,Indonesia
2009-03-12T23:23:34.820Z,5.686,-82.767,9,6.3,south of Panama
2009-03-06T10:50:29.410Z,80.324,-1.853,9,6.5,north of Svalbard
2009-02-28T14:33:06.350Z,-60.525,-24.796,15,6.3,South Sandwich Islands region
2009-02-22T17:45:22.400Z,3.679,126.561,32,6,Indonesia
2009-02-18T21:53:45.160Z,-27.424,-176.33,25,7,Kermadec Islands region
2009-02-17T03:30:53.330Z,-30.724,-178.617,13,6,New Zealand
2009-02-15T10:04:49.310Z,-5.854,-80.891,21,6.1,near the coast of northern Peru
2009-02-12T13:15:06.280Z,4.036,126.548,27,6.3,Indonesia
2009-02-12T08:30:17.260Z,3.972,126.724,35,6,Indonesia
2009-02-12T03:49:39.660Z,3.947,126.411,26,6,Indonesia
2009-02-11T18:25:11.240Z,4.026,126.783,35,6,Indonesia
2009-02-11T17:34:50.490Z,3.886,126.387,20,7.2,Indonesia
2009-02-09T14:09:02.980Z,-6.567,-81.15,15,6,near the coast of northern Peru
2009-02-02T17:53:21.800Z,-13.582,-76.558,21,6,near the coast of central Peru
2009-01-22T20:16:34.580Z,-7.307,128.568,146.7,6.1,Indonesia
2009-01-22T13:40:25.990Z,-5.912,148.511,44,6.1,Papua New Guinea
2009-01-21T17:08:42.990Z,-22.689,171.043,24,6.1,southeast of the Loyalty Islands
2009-01-19T03:46:37.520Z,-22.477,170.806,35,6,southeast of the Loyalty Islands
2009-01-19T03:35:18.840Z,-22.596,170.911,12,6.6,southeast of the Loyalty Islands
2009-01-18T14:11:48.860Z,-30.199,-177.951,33,6.4,New Zealand
2009-01-15T17:49:39.070Z,46.857,155.154,36,7.4,east of the Kuril Islands
2009-01-15T07:27:20.290Z,-22.352,170.635,27,6.7,southeast of the Loyalty Islands
2009-01-13T01:04:42.640Z,-13.147,66.078,10,6,Mid-Indian Ridge
2009-01-08T19:21:35.610Z,10.165,-84.197,14,6.1,Costa Rica
2009-01-06T22:48:27.250Z,-0.659,133.434,16,6,Indonesia
2009-01-03T22:33:40.290Z,-0.691,133.305,23,7.4,Indonesia
2009-01-03T20:23:20.180Z,36.419,70.743,204.8,6.6,Afghanistan
2009-01-03T19:43:50.650Z,-0.414,132.885,17,7.7,Indonesia
2008-12-25T03:20:29.350Z,5.752,125.377,206,6.3,Philippines
2008-12-24T09:11:34.290Z,-17.29,-171.909,9,6,Tonga region
2008-12-20T10:29:23.100Z,36.541,142.425,19,6.3,Japan
2008-12-18T21:50:28.000Z,-32.473,-72.051,25,6,Chile
2008-12-18T21:19:28.380Z,-32.458,-71.726,18,6.2,Chile
2008-12-10T13:15:34.430Z,-12.337,166.572,51,6,Santa Cruz Islands
2008-12-09T17:28:58.640Z,-15.929,168.173,224.1,6.1,Vanuatu
2008-12-09T06:23:59.750Z,-31.232,-176.924,18,6.8,Kermadec Islands region
2008-12-08T18:39:09.480Z,-53.005,106.823,11,6.3,southeast Indian Ridge
2008-12-06T10:55:26.350Z,-7.393,124.745,398,6.4,Banda Sea
2008-11-29T05:59:16.580Z,-18.701,-177.716,386,6,Fiji region
2008-11-24T09:02:58.760Z,54.203,154.322,492.3,7.3,Sea of Okhotsk
2008-11-22T18:49:42.380Z,-1.23,-13.933,10,6.3,north of Ascension Island
2008-11-22T16:01:39.380Z,-22.523,171.199,57.3,6.4,southeast of the Loyalty Islands
2008-11-22T16:01:01.700Z,-4.348,101.259,24,6.3,Indonesia
2008-11-21T07:05:34.940Z,-8.947,159.553,118,6.1,Solomon Islands
2008-11-19T06:11:20.790Z,8.267,-82.967,32,6.3,Panama-Costa Rica border region
2008-11-16T17:02:32.700Z,1.271,122.091,30,7.4,Indonesia
2008-11-10T01:22:02.570Z,37.565,95.833,19,6.3,China
2008-11-08T07:49:59.000Z,-15.223,-174.232,121,6,Tonga
2008-11-07T16:04:23.350Z,-6.712,129.074,10,6.2,Banda Sea
2008-11-07T07:19:35.710Z,-14.829,168.032,13,6.4,Vanuatu
2008-11-04T18:35:45.270Z,-17.135,168.458,205.7,6.3,Vanuatu
2008-11-02T13:48:42.820Z,51.552,-174.366,36,6.1,Alaska
2008-11-01T01:13:09.640Z,-3.399,148.712,10,6,Bismarck Sea
2008-10-30T15:15:41.140Z,-9.02,-108.246,10,6.1,central East Pacific Rise
2008-10-29T11:32:43.130Z,30.598,67.455,14,6.4,Pakistan
2008-10-28T23:09:57.650Z,30.639,67.351,15,6.4,Pakistan
2008-10-28T16:00:03.240Z,-3.494,145.867,18.3,6,Papua New Guinea
2008-10-23T10:04:35.040Z,-2.635,145.574,10,6.3,Papua New Guinea
2008-10-22T12:55:57.390Z,-18.414,-175.351,233.4,6.4,Tonga
2008-10-19T05:10:33.910Z,-21.863,-173.819,29,6.9,Tonga
2008-10-16T19:41:25.720Z,14.423,-92.364,24,6.7,Mexico
2008-10-12T20:55:41.460Z,-20.123,-64.971,352.7,6.2,Bolivia
2008-10-11T10:40:14.060Z,19.161,-64.833,23,6.1,Virgin Islands region
2008-10-06T08:30:45.570Z,29.807,90.35,12,6.3,eastern Xizang
2008-10-05T22:56:28.930Z,33.886,69.47,10,6,central Afghanistan
2008-10-05T15:52:49.400Z,39.533,73.824,27.4,6.7,Kyrgyzstan
2008-10-05T09:12:36.070Z,-30.184,-177.176,10,6.1,New Zealand
2008-09-29T15:19:31.590Z,-29.756,-177.683,36,7,New Zealand
2008-09-25T01:47:11.190Z,30.836,83.487,4,6,western Xizang
2008-09-24T02:33:05.560Z,17.612,-105.497,12,6.4,Mexico
2008-09-18T01:41:03.010Z,-4.554,-105.999,11,6,central East Pacific Rise
2008-09-11T00:20:50.920Z,41.892,143.754,25,6.8,Japan region
2008-09-11T00:00:02.700Z,1.885,127.363,96,6.6,Indonesia
2008-09-10T13:08:14.690Z,8.093,-38.705,9,6.6,central Mid-Atlantic Ridge
2008-09-10T11:00:34.090Z,26.743,55.828,12,6.1,southern Iran
2008-09-08T18:52:06.970Z,-13.501,166.967,110,6.9,Vanuatu
2008-09-08T03:03:15.930Z,-19.964,169.108,36,6.2,Vanuatu
2008-09-03T11:25:14.450Z,-26.736,-63.225,569.6,6.3,Argentina
2008-09-01T04:00:39.430Z,-25.387,-177.636,171.1,6,south of the Fiji Islands
2008-08-30T08:30:53.010Z,26.241,101.889,11,6,China
2008-08-30T06:54:07.610Z,-6.146,147.258,75,6.4,Papua New Guinea
2008-08-28T15:22:23.200Z,-0.252,-17.358,12,6.3,north of Ascension Island
2008-08-27T01:35:32.150Z,51.607,104.158,16,6.3,Russia
2008-08-26T21:00:36.610Z,-7.641,-74.377,154,6.4,northern Peru
2008-08-25T13:21:58.820Z,30.901,83.52,12,6.7,western Xizang
2008-08-22T07:47:39.580Z,-17.769,65.394,6,6,Mauritius - Reunion region
2008-08-21T12:24:30.930Z,25.039,97.697,10,6,Myanmar-China border region
2008-08-19T16:30:13.210Z,-15.087,-173.476,8,6.1,Tonga
2008-08-15T10:25:16.530Z,12.897,124.319,10,6,Philippines
2008-08-11T23:38:38.310Z,-1.02,-21.843,13,6,central Mid-Atlantic Ridge
2008-08-10T08:20:33.420Z,11.055,91.814,20,6.2,India region
2008-08-09T16:36:38.170Z,-60.693,153.826,10,6.3,west of Macquarie Island
2008-08-09T06:01:48.510Z,-60.648,153.771,10,6.5,west of Macquarie Island
2008-08-05T09:49:17.260Z,32.756,105.494,6,6,China
2008-08-04T20:45:13.970Z,-5.916,130.195,173.9,6.3,Banda Sea
2008-07-28T21:40:47.360Z,-10.578,163.103,10,6,Solomon Islands
2008-07-24T01:43:16.140Z,50.967,157.584,27,6.2,Kuril Islands
2008-07-23T15:26:19.950Z,39.802,141.464,108,6.8,Japan
2008-07-21T11:30:29.280Z,37.186,142.051,22,6,Japan
2008-07-19T22:39:52.700Z,-17.337,-177.312,391,6.4,Fiji region
2008-07-19T11:01:17.710Z,-11.066,164.616,10,6.2,Santa Cruz Islands region
2008-07-19T09:27:01.460Z,-11.041,164.493,11,6.6,Santa Cruz Islands region
2008-07-19T02:39:28.700Z,37.552,142.214,22,7,Japan
2008-07-15T03:26:34.700Z,35.8,27.86,52,6.4,Greece
2008-07-13T14:58:33.010Z,21.014,121.149,14,6.2,Taiwan region
2008-07-08T09:13:07.460Z,-15.986,-71.748,123,6.2,southern Peru
2008-07-08T07:42:10.730Z,27.532,128.334,43,6,Japan
2008-07-05T02:12:04.480Z,53.882,152.886,632.8,7.7,Sea of Okhotsk
2008-07-03T03:02:37.560Z,-23.37,-179.778,581.2,6.2,south of the Fiji Islands
2008-06-30T06:17:43.020Z,-58.227,-22.099,8,7,South Sandwich Islands region
2008-06-29T20:53:04.890Z,45.156,137.446,326,6,Russia
2008-06-28T12:54:46.360Z,10.847,91.712,15,6.1,India region
2008-06-27T11:40:13.990Z,11.005,91.824,17,6.6,India region
2008-06-26T21:19:15.580Z,-20.768,-173.342,38,6.2,Tonga
2008-06-22T23:56:30.030Z,67.698,141.276,18,6.1,Russia
2008-06-15T08:37:17.200Z,-36.623,-107.45,10,6,southern East Pacific Rise
2008-06-13T23:43:45.360Z,39.03,140.881,7.8,6.9,Japan
2008-06-08T12:25:29.710Z,37.963,21.525,16,6.4,southern Greece
2008-06-06T13:42:48.950Z,-7.495,127.885,122,6,Indonesia
2008-06-05T02:16:46.930Z,-38.844,-91.623,10,6,West Chile Rise
2008-06-03T22:04:27.870Z,-8.1,120.231,14,6,Indonesia
2008-06-03T16:20:50.380Z,-10.509,161.273,84,6.2,Solomon Islands
2008-06-01T14:31:03.010Z,-59.384,149.66,10,6.5,west of Macquarie Island
2008-06-01T01:57:23.690Z,20.124,121.35,31,6.3,Philippines
2008-05-31T04:37:56.010Z,-41.198,80.479,9,6.4,Mid-Indian Ridge
2008-05-29T15:46:00.320Z,64.005,-21.013,9,6.3,Iceland
2008-05-25T19:18:25.710Z,56.087,-153.78,22,6,Alaska
2008-05-25T08:21:49.990Z,32.56,105.423,18,6.1,China
2008-05-23T19:35:34.780Z,7.313,-34.897,8,6.5,central Mid-Atlantic Ridge
2008-05-20T13:53:35.640Z,51.162,178.759,27,6.3,Alaska
2008-05-19T14:26:45.020Z,1.64,99.147,10,6,Indonesia
2008-05-12T11:11:02.480Z,31.214,103.618,10,6.1,China
2008-05-12T06:28:01.570Z,31.002,103.322,19,7.9,China
2008-05-09T21:51:29.730Z,12.516,143.181,76,6.8,Guam region
2008-05-07T16:45:18.700Z,36.164,141.526,27,6.9,Japan
2008-05-07T16:16:36.190Z,36.156,141.756,23.3,6.1,Japan
2008-05-07T16:02:02.600Z,36.178,141.545,19,6.2,Japan
2008-05-02T01:33:37.240Z,51.864,-177.528,14,6.6,Alaska
2008-04-28T20:26:53.110Z,-20.238,168.824,35,6.1,New Caledonia
2008-04-28T18:33:34.200Z,-19.941,168.953,32,6.4,Vanuatu
2008-04-28T15:57:55.280Z,-58.739,-24.714,35,6.1,South Sandwich Islands region
2008-04-26T23:34:49.390Z,-49.091,164.117,10,6.1,New Zealand region
2008-04-24T12:14:49.920Z,-1.182,-23.471,10,6.5,central Mid-Atlantic Ridge
2008-04-23T18:28:41.880Z,22.881,121.619,10,6,Taiwan region
2008-04-19T10:21:12.500Z,-7.875,125.722,10,6,Indonesia
2008-04-19T05:58:42.250Z,-20.273,168.796,14,6.3,New Caledonia
2008-04-19T03:12:25.180Z,-7.815,125.694,13,6.1,Indonesia
2008-04-18T20:39:07.140Z,-17.342,-179.022,553.8,6.3,Fiji region
2008-04-16T05:54:19.690Z,51.878,-179.165,13,6.6,Alaska
2008-04-16T00:35:48.870Z,-18.609,-175.699,10,6.3,Tonga
2008-04-15T22:59:51.500Z,51.856,-179.361,11,6.4,Alaska
2008-04-15T03:03:04.660Z,13.564,-90.599,33,6.1,offshore Guatemala
2008-04-14T09:45:19.700Z,-56.022,-28.035,140.2,6,South Sandwich Islands region
2008-04-12T00:30:12.600Z,-55.664,158.453,16,7.1,Macquarie Island region
2008-04-11T17:45:01.940Z,-20.392,168.839,11,6.1,New Caledonia
2008-04-09T14:47:50.510Z,-19.997,168.874,35,6.3,Vanuatu
2008-04-09T12:46:12.720Z,-20.071,168.892,33,7.3,New Caledonia
2008-04-09T11:23:40.350Z,-20.185,168.905,35,6.3,New Caledonia
2008-04-09T11:13:17.690Z,-20.175,168.861,16,6.4,New Caledonia
2008-03-29T17:30:50.150Z,2.855,95.296,20,6.3,Indonesia
2008-03-24T20:39:07.630Z,-20.043,-68.963,120,6.2,Chile
2008-03-22T21:24:11.270Z,52.176,-178.716,132,6.2,Alaska
2008-03-20T22:32:57.930Z,35.49,81.467,10,7.2,Xinjiang-Xizang border region
2008-03-20T14:10:40.400Z,6.192,126.934,45,6.1,Philippines
2008-03-18T08:22:47.070Z,-29.252,-177.44,25,6.2,New Zealand
2008-03-15T14:43:26.500Z,2.708,94.596,25,6,off the west coast of northern Sumatra
2008-03-14T22:32:09.380Z,26.988,142.599,10,6,Japan region
2008-03-13T13:28:44.850Z,-45.492,35.008,10,6,Prince Edward Islands region
2008-03-12T11:36:55.280Z,-16.489,167.183,10,6.3,Vanuatu
2008-03-12T11:23:34.060Z,-16.567,167.335,13,6.4,Vanuatu
2008-03-03T14:11:14.620Z,13.351,125.63,24,6.9,Philippine Islands region
2008-03-03T13:49:40.420Z,19.913,121.334,10,6,Philippines
2008-03-03T09:31:02.500Z,46.406,153.175,10,6.5,Kuril Islands
2008-03-03T02:37:27.120Z,-2.18,99.823,25,6.2,Indonesia
2008-02-27T06:54:20.610Z,26.816,142.438,15,6.2,Japan region
2008-02-25T21:02:18.420Z,-2.245,99.808,25,6.7,Indonesia
2008-02-25T18:06:03.900Z,-2.332,99.891,25,6.6,Indonesia
2008-02-25T08:36:33.030Z,-2.486,99.972,25,7.2,Indonesia
2008-02-24T14:46:21.470Z,-2.405,99.931,22,6.5,Indonesia
2008-02-23T15:57:20.490Z,-57.335,-23.433,14,6.8,South Sandwich Islands region
2008-02-21T14:16:02.821Z,41.1444,-114.8721,7.9,6.2,Nevada
2008-02-21T02:46:18.190Z,77.079,18.571,12,6.1,Svalbard region
2008-02-20T18:27:06.000Z,36.288,21.775,9.9,6.2,southern Greece
2008-02-20T08:08:30.520Z,2.768,95.964,26,7.4,Indonesia
2008-02-16T14:45:11.690Z,-21.346,-68.385,130.1,6.1,Chile
2008-02-14T12:08:55.790Z,36.345,21.863,28,6.5,southern Greece
2008-02-14T10:09:22.720Z,36.501,21.67,29,6.9,southern Greece
2008-02-13T19:58:46.130Z,-8.158,128.644,19,6.2,Timor Sea
2008-02-12T12:50:18.490Z,16.357,-94.304,83,6.5,Mexico
2008-02-10T12:22:02.650Z,-60.797,-25.586,8,6.6,South Sandwich Islands region
2008-02-09T18:34:01.600Z,-0.236,125.084,38,6,Molucca Sea
2008-02-08T09:38:14.100Z,10.671,-41.899,9,6.9,northern Mid-Atlantic Ridge
2008-02-04T17:01:29.980Z,-20.166,-70.037,35,6.3,Chile
2008-02-01T12:10:06.400Z,-21.495,-179.352,604.2,6,Fiji region
2008-01-30T07:32:42.800Z,-7.302,127.688,8,6.2,Indonesia
2008-01-22T17:14:57.950Z,1.011,97.442,20,6.2,Indonesia
2008-01-22T10:49:21.800Z,-15.419,-175.589,10,6.1,Tonga
2008-01-22T07:55:48.880Z,-15.277,-175.348,6,6,Tonga
2008-01-20T20:26:04.880Z,2.346,126.816,35,6.1,Molucca Sea
2008-01-15T17:52:15.690Z,-21.984,-179.535,597.6,6.5,Fiji region
2008-01-10T01:37:19.000Z,43.785,-127.264,13,6.3,off the coast of Oregon
2008-01-09T14:40:00.960Z,51.649,-131.183,10,6.1,Canada
2008-01-09T08:26:45.490Z,32.288,85.166,10,6.4,western Xizang
2008-01-06T05:14:20.180Z,37.216,22.693,75,6.2,southern Greece
2008-01-05T11:44:48.170Z,51.163,-130.542,10,6.4,Canada
2008-01-05T11:01:06.110Z,51.254,-130.746,15,6.6,Canada
2008-01-04T07:29:18.300Z,-2.782,101.032,35,6,Indonesia
2008-01-01T18:54:59.010Z,-5.878,146.884,34,6.3,Papua New Guinea
2007-12-26T22:04:54.670Z,52.558,-168.221,25,6.4,Alaska
2007-12-25T14:04:34.730Z,38.503,142.026,48.4,6.1,Japan
2007-12-22T12:26:17.470Z,2.087,96.806,23,6.1,Indonesia
2007-12-22T07:11:08.100Z,-2.407,139.067,20,6.2,Indonesia
2007-12-21T07:24:34.030Z,51.366,-178.979,25,6.3,Alaska
2007-12-20T07:55:15.840Z,-39.011,178.291,20,6.6,off the east coast of the North Island of New Zealand
2007-12-19T09:30:27.930Z,51.36,-179.509,34,7.2,Alaska
2007-12-16T08:09:17.930Z,-22.954,-70.182,45,6.7,Chile
2007-12-15T09:39:53.620Z,-6.622,131.09,57,6.4,Indonesia
2007-12-15T08:03:15.790Z,-7.526,127.474,175.9,6,Indonesia
2007-12-13T15:51:27.210Z,-15.213,-172.367,17,6.2,Samoa Islands region
2007-12-13T07:23:39.890Z,-23.202,-70.549,16,6.2,Chile
2007-12-13T05:20:21.850Z,-23.157,-70.479,15,6,Chile
2007-12-09T07:28:20.820Z,-25.996,-177.514,152.5,7.8,south of the Fiji Islands
2007-11-29T19:00:20.420Z,14.944,-61.274,156,7.4,Windward Islands
2007-11-29T03:26:22.690Z,-36.756,-97.404,10,6.3,West Chile Rise
2007-11-27T11:49:58.010Z,-10.95,162.149,16,6.6,Solomon Islands
2007-11-25T19:53:05.470Z,-8.224,118.467,18,6.5,Indonesia
2007-11-25T17:41:38.040Z,-2.238,100.413,35,6,Indonesia
2007-11-25T16:02:15.750Z,-8.292,118.37,20,6.5,Indonesia
2007-11-22T08:48:27.530Z,-5.757,147.098,53,6.8,Papua New Guinea
2007-11-20T17:55:51.530Z,-22.917,-70.483,15,6.1,Chile
2007-11-20T12:52:59.030Z,-6.907,155.672,52.6,6,Papua New Guinea
2007-11-19T15:20:03.700Z,-21.968,173.486,10,6,Vanuatu region
2007-11-19T00:52:12.510Z,-21.185,-178.752,558.3,6.3,Fiji region
2007-11-18T05:40:12.040Z,-22.643,-66.323,246.4,6,Argentina
2007-11-16T03:13:00.120Z,-2.312,-77.838,122.9,6.8,Peru-Ecuador border region
2007-11-15T15:05:58.350Z,-22.925,-70.237,26,6.8,Chile
2007-11-15T15:03:08.750Z,-22.867,-70.407,27,6.3,Chile
2007-11-14T15:40:50.530Z,-22.247,-69.89,40,7.7,Chile
2007-11-10T01:13:29.350Z,-51.777,161.318,10,6.6,north of Macquarie Island
2007-11-02T22:31:43.880Z,-55.466,-128.966,10,6.1,Pacific-Antarctic Ridge
2007-10-31T13:44:19.760Z,51.418,-178.38,28,6,Alaska
2007-10-31T03:30:15.960Z,18.9,145.388,207,7.2,Northern Mariana Islands
2007-10-25T13:50:04.260Z,46.011,154.231,20,6.1,east of the Kuril Islands
2007-10-24T21:02:50.610Z,-3.899,101.02,21,6.8,Indonesia
2007-10-21T10:24:52.060Z,-6.31,154.77,46.3,6,Papua New Guinea
2007-10-16T21:05:43.270Z,-25.775,179.53,509.3,6.6,south of the Fiji Islands
2007-10-15T21:28:23.680Z,-44.793,167.458,19,6.1,South Island of New Zealand
2007-10-15T12:29:34.860Z,-44.796,167.553,18,6.8,South Island of New Zealand
2007-10-13T17:45:53.180Z,-21.23,169.195,37,6.1,southeast of the Loyalty Islands
2007-10-09T15:03:41.210Z,-4.808,152.892,39,6,Papua New Guinea
2007-10-06T12:38:49.170Z,18.73,147.148,20,6.1,Mariana Islands region
2007-10-05T07:17:52.810Z,-25.189,179.459,509.4,6.5,south of the Fiji Islands
2007-10-04T12:40:31.130Z,2.543,92.903,35,6.2,off the west coast of northern Sumatra
2007-10-02T18:00:06.870Z,54.511,-161.708,32,6.3,Alaska Peninsula
2007-09-30T09:47:51.970Z,-49.138,164.11,18,6.6,New Zealand region
2007-09-30T05:23:34.070Z,-49.271,164.115,10,7.4,New Zealand region
2007-09-30T02:08:30.170Z,10.454,145.718,14,6.9,south of the Mariana Islands
2007-09-29T05:37:07.260Z,2.9,95.523,35,6,Indonesia
2007-09-28T13:38:57.880Z,22.013,142.668,260,7.5,Japan region
2007-09-28T01:35:51.970Z,-21.133,169.373,10,6.5,southeast of the Loyalty Islands
2007-09-28T01:01:49.180Z,-21.207,169.362,12,6.3,southeast of the Loyalty Islands
2007-09-27T19:57:44.000Z,-21.103,169.283,9,6.1,southeast of the Loyalty Islands
2007-09-26T15:43:01.440Z,-1.787,99.488,26,6.1,Indonesia
2007-09-26T12:36:26.890Z,-4.99,153.5,40,6.8,Papua New Guinea
2007-09-25T05:16:01.120Z,-30.965,179.998,416.7,6.2,Kermadec Islands region
2007-09-20T08:31:14.490Z,-1.999,100.141,30,6.7,Indonesia
2007-09-19T07:27:50.700Z,-2.746,100.892,35,6,Indonesia
2007-09-14T06:01:32.270Z,-4.075,101.169,23,6.4,Indonesia
2007-09-13T20:06:38.920Z,-57.625,-147.303,10,6,Pacific-Antarctic Ridge
2007-09-13T16:09:16.870Z,-3.172,101.524,53,6,Indonesia
2007-09-13T09:48:45.130Z,3.801,126.342,26,6.3,Indonesia
2007-09-13T03:35:28.720Z,-2.13,99.627,22,7,Indonesia
2007-09-13T02:30:03.300Z,-1.689,99.668,28.9,6.5,Indonesia
2007-09-12T23:49:03.720Z,-2.625,100.841,35,7.9,Indonesia
2007-09-12T11:10:26.830Z,-4.438,101.367,34,8.4,Indonesia
2007-09-10T01:49:11.780Z,2.966,-77.963,15,6.8,near the west coast of Colombia
2007-09-06T17:51:26.190Z,24.34,122.219,53,6.2,Taiwan region
2007-09-03T16:14:53.570Z,45.836,150.06,94,6.2,Kuril Islands
2007-09-02T02:35:23.650Z,-11.766,165.699,36.7,6.3,Santa Cruz Islands
2007-09-02T01:05:18.150Z,-11.61,165.762,35,7.2,Santa Cruz Islands
2007-09-01T19:14:22.640Z,24.902,-109.689,9,6.1,Gulf of California
2007-08-26T12:37:31.190Z,-17.457,-174.335,127.4,6.1,Tonga
2007-08-20T22:42:28.530Z,8.037,-39.251,6,6.5,central Mid-Atlantic Ridge
2007-08-20T13:46:17.410Z,6.134,127.381,8,6.4,Philippine Islands region
2007-08-18T02:52:35.400Z,-13.805,-76.291,30,6,near the coast of central Peru
2007-08-17T03:04:03.090Z,-5.261,129.432,10,6.4,Banda Sea
2007-08-16T11:35:41.790Z,-14.286,-76.214,35,6,near the coast of central Peru
2007-08-16T08:39:28.440Z,-9.834,159.465,15,6.5,Solomon Islands
2007-08-16T05:16:56.150Z,-14.282,-76.127,23.4,6.4,near the coast of central Peru
2007-08-15T23:40:57.890Z,-13.386,-76.603,39,8,near the coast of central Peru
2007-08-15T20:22:11.120Z,50.322,-177.548,9,6.5,Alaska
2007-08-13T10:27:23.070Z,-60.549,153.785,10,6.1,west of Macquarie Island
2007-08-12T12:05:19.850Z,-11.378,166.273,42,6,Santa Cruz Islands
2007-08-08T17:05:04.920Z,-5.859,107.419,280,7.5,Indonesia
2007-08-08T17:04:57.840Z,-5.926,107.681,291.2,6.1,Indonesia
2007-08-07T00:02:24.200Z,27.292,126.836,18.1,6,Japan
2007-08-05T09:28:39.830Z,-19.148,168.718,40,6,Vanuatu
2007-08-04T14:24:51.680Z,-4.797,-105.406,10,6.1,central East Pacific Rise
2007-08-02T03:21:42.820Z,51.307,-179.971,21,6.7,Alaska
2007-08-02T02:37:42.380Z,47.116,141.798,5,6.2,Russia
2007-08-01T17:08:51.400Z,-15.595,167.68,120,7.2,Vanuatu
2007-07-31T22:55:31.120Z,-0.162,-17.795,11,6.2,north of Ascension Island
2007-07-27T14:46:26.880Z,-21.459,170.939,10,6.1,southeast of the Loyalty Islands
2007-07-26T05:40:16.100Z,2.872,127.464,25,6.9,Molucca Sea
2007-07-25T23:37:31.520Z,7.157,92.518,15,6.1,India region
2007-07-21T15:34:52.600Z,-22.151,-65.777,289.5,6.4,Argentina
2007-07-21T13:27:04.410Z,-8.133,-71.272,644.9,6.1,Brazil
2007-07-18T00:07:35.460Z,-26.295,-177.738,10,6.1,south of the Fiji Islands
2007-07-17T09:39:27.810Z,-26.206,-177.744,10,6.1,south of the Fiji Islands
2007-07-16T14:17:37.340Z,36.808,134.85,350.4,6.8,Sea of Japan
2007-07-16T01:13:22.370Z,37.535,138.446,12,6.6,Japan
2007-07-15T13:08:01.680Z,52.491,-168.035,15,6.1,Alaska
2007-07-15T09:27:34.480Z,-15.383,168.597,8,6.1,Vanuatu
2007-07-13T21:54:43.110Z,51.838,-176.28,35,6,Alaska
2007-07-12T05:23:49.340Z,-7.933,-74.379,152.1,6.1,northern Peru
2007-07-06T01:09:19.000Z,16.35,-93.99,113,6.1,Mexico
2007-07-03T08:26:00.810Z,0.715,-30.272,10,6.3,central Mid-Atlantic Ridge
2007-06-28T02:52:10.990Z,-7.979,154.635,18,6.7,Papua New Guinea
2007-06-26T22:23:03.040Z,-10.492,108.149,10,6,Indonesia
2007-06-24T00:25:18.400Z,-55.645,-2.626,10,6.5,southern Mid-Atlantic Ridge
2007-06-18T06:18:45.680Z,-3.55,150.962,9,6.3,Papua New Guinea
2007-06-13T19:29:40.180Z,13.554,-90.618,23,6.7,offshore Guatemala
2007-06-07T00:40:38.130Z,-3.316,146.761,4.7,6.2,Bismarck Sea
2007-06-02T21:34:57.780Z,23.028,101.052,5,6.1,China
2007-05-30T20:22:12.660Z,52.137,157.293,116,6.4,Russia
2007-05-29T09:36:05.600Z,-1.065,127.343,24,6.1,Indonesia
2007-05-29T01:03:27.920Z,-4.587,151.841,132.5,6.1,Papua New Guinea
2007-05-17T19:29:10.250Z,-30.658,-178.202,40.7,6,New Zealand
2007-05-16T08:56:14.120Z,20.503,100.732,9,6.3,Laos
2007-05-07T11:15:16.230Z,-44.85,-80.453,10,6.1,Chile
2007-05-06T22:01:08.920Z,-19.406,-179.315,688,6.1,Fiji region
2007-05-06T21:11:52.500Z,-19.401,-179.354,676.4,6.5,Fiji region
2007-05-05T08:51:39.090Z,34.248,81.967,9,6.1,western Xizang
2007-05-04T12:06:51.750Z,-1.41,-14.921,7,6.2,north of Ascension Island
2007-04-29T12:41:57.390Z,52.007,-179.972,117,6.2,Alaska
2007-04-28T14:02:37.910Z,-60.789,-20.208,10,6.1,east of the South Sandwich Islands
2007-04-25T13:34:14.230Z,-14.285,166.863,55,6.4,Vanuatu
2007-04-21T17:53:46.310Z,-45.243,-72.648,36.7,6.2,Chile
2007-04-21T17:20:31.930Z,-13.838,166.843,40.7,6.1,Vanuatu
2007-04-21T07:12:48.060Z,-3.548,151.266,407.4,6.1,Papua New Guinea
2007-04-20T02:23:34.040Z,25.623,125.043,11.1,6,Japan
2007-04-20T01:45:56.110Z,25.71,125.108,9,6.3,Japan
2007-04-20T00:26:40.600Z,25.722,125.093,10,6.1,Japan
2007-04-16T13:20:38.230Z,-58.015,147.964,10,6.4,west of Macquarie Island
2007-04-13T18:24:19.160Z,-35.051,-108.836,10,6.1,southern East Pacific Rise
2007-04-13T05:42:23.030Z,17.302,-100.198,34,6,Mexico
2007-04-12T18:24:49.030Z,-61.828,160.96,10,6,Balleny Islands region
2007-04-07T09:51:51.620Z,2.916,95.7,30,6.1,Indonesia
2007-04-07T07:09:25.370Z,37.306,-24.494,8,6.1,Azores Islands region
2007-04-05T03:56:50.480Z,37.306,-24.621,14,6.3,Azores Islands region
2007-04-04T11:02:29.620Z,-20.688,169.056,10,6.5,Vanuatu
2007-04-04T11:00:27.940Z,-20.715,168.828,13,6.2,New Caledonia
2007-04-04T06:34:35.960Z,-7.76,156.49,17,6.4,Solomon Islands
2007-04-04T00:39:43.950Z,-7.141,156.047,10,6,Solomon Islands
2007-04-03T20:26:09.590Z,-20.633,168.994,12,6.2,New Caledonia
2007-04-03T12:04:27.370Z,-7.857,155.801,8,6.1,Solomon Islands
2007-04-03T03:35:07.280Z,36.451,70.688,222.1,6.2,Afghanistan
2007-04-02T23:20:23.270Z,-8.617,157.386,18,6.2,Solomon Islands
2007-04-02T12:02:23.340Z,-8.706,157.62,14,6.2,Solomon Islands
2007-04-02T10:49:17.720Z,-7.225,156.243,34,6.1,Solomon Islands
2007-04-02T02:49:35.900Z,-45.382,-73.058,4.9,6.1,Chile
2007-04-01T21:15:22.700Z,-7.303,155.682,10,6,Solomon Islands
2007-04-01T21:11:33.150Z,-7.306,155.741,10,6.9,Solomon Islands
2007-04-01T20:47:31.310Z,-7.169,155.777,10,6.6,Solomon Islands
2007-04-01T20:46:19.350Z,-9.505,156.934,24.3,6.1,Solomon Islands
2007-04-01T20:39:58.710Z,-8.466,157.043,24,8.1,Solomon Islands
2007-03-31T12:49:03.710Z,-56.083,-123.27,10,6.2,southern East Pacific Rise
2007-03-25T01:08:19.050Z,-20.754,169.354,35,6.9,Vanuatu
2007-03-25T00:41:57.820Z,37.336,136.588,8,6.7,Japan
2007-03-25T00:40:01.610Z,-20.617,169.357,34,7.1,Vanuatu
2007-03-18T02:11:05.300Z,4.585,-78.494,7,6.2,south of Panama
2007-03-17T22:43:09.620Z,4.551,-78.536,10,6,south of Panama
2007-03-17T17:42:26.290Z,1.132,126.216,35,6.2,Molucca Sea
2007-03-13T02:59:04.400Z,26.261,-110.537,26.1,6,Gulf of California
2007-03-09T03:22:42.760Z,43.224,133.526,441.2,6,Russia
2007-03-08T11:14:31.510Z,-58.217,-7.615,10,6.2,east of the South Sandwich Islands
2007-03-08T05:03:32.260Z,29.908,140.204,139.6,6.1,Japan region
2007-03-06T05:49:25.430Z,-0.488,100.53,11,6.3,Indonesia
2007-03-06T03:49:38.900Z,-0.493,100.498,19,6.4,Indonesia
2007-03-01T23:11:52.070Z,26.581,-44.594,10,6,northern Mid-Atlantic Ridge
2007-02-28T23:13:15.610Z,-55.245,-29.142,10,6.2,South Sandwich Islands region
2007-02-24T02:36:23.650Z,-7.006,-80.485,23,6.3,off the coast of northern Peru
2007-02-20T14:25:26.340Z,-1.032,126.975,11,6,Indonesia
2007-02-20T08:04:25.280Z,-1.034,126.976,12,6.7,Indonesia
2007-02-17T00:02:56.760Z,41.794,143.553,31,6,Japan region
2007-02-12T12:45:31.700Z,5.561,126.073,24,6.1,Philippines
2007-02-12T10:35:22.750Z,35.804,-10.312,20,6,Azores-Cape St. Vincent Ridge
2007-02-04T21:17:46.790Z,-55.883,-122.721,10,6.2,southern East Pacific Rise
2007-02-04T20:56:59.130Z,19.372,-78.518,10,6.2,Cuba region
2007-01-31T03:15:52.290Z,-29.776,-178.002,34,6.5,New Zealand
2007-01-30T21:37:44.370Z,20.98,144.705,20,6.6,Northern Mariana Islands
2007-01-30T04:54:50.570Z,-54.74,146.298,11,6.9,west of Macquarie Island
2007-01-25T10:59:17.650Z,22.564,121.926,36.2,6,Taiwan region
2007-01-21T17:32:55.520Z,1.06,126.345,23,6.2,Molucca Sea
2007-01-21T11:27:45.060Z,1.065,126.282,22,7.5,Molucca Sea
2007-01-20T06:21:04.560Z,-55.419,-29.533,10,6.2,South Sandwich Islands region
2007-01-17T23:18:49.800Z,10.125,58.708,8,6.2,Carlsberg Ridge
2007-01-17T04:28:26.660Z,-3.322,139.834,100.8,6,Indonesia
2007-01-13T17:37:06.310Z,46.913,156.276,10,6,east of the Kuril Islands
2007-01-13T04:23:21.160Z,46.243,154.524,10,8.1,east of the Kuril Islands
2007-01-11T14:31:20.740Z,-3.655,127.283,13,6,Indonesia
2007-01-08T20:52:20.640Z,-18.58,-177.847,406.8,6.3,Fiji region
2007-01-08T17:21:49.910Z,39.803,70.312,16,6,Kyrgyzstan
2007-01-08T12:48:40.510Z,8.077,92.437,11,6.1,India region
2006-12-30T08:30:49.790Z,13.313,51.365,15,6.6,Gulf of Aden
2006-12-27T20:15:38.640Z,-5.724,154.424,355,6,Papua New Guinea
2006-12-26T15:19:45.210Z,48.321,154.837,10,6,Kuril Islands
2006-12-26T12:34:13.800Z,21.974,120.493,10,6.9,Taiwan region
2006-12-26T12:26:21.140Z,21.799,120.547,10,7.1,Taiwan region
2006-12-22T19:50:44.630Z,10.653,92.361,24,6.2,India region
2006-12-12T15:48:03.270Z,3.733,124.684,213.5,6.3,Celebes Sea
2006-12-07T19:10:21.850Z,46.153,154.386,16,6.4,east of the Kuril Islands
2006-12-03T20:52:15.910Z,13.994,-91.207,61.2,6,Guatemala
2006-12-01T14:01:44.260Z,-8.261,118.753,19,6.3,Indonesia
2006-12-01T03:58:21.650Z,3.39,99.079,204,6.3,Indonesia
2006-11-30T21:20:11.590Z,-53.844,-134.359,10,6.2,Pacific-Antarctic Ridge
2006-11-30T11:33:17.020Z,-21.297,-174.677,13.5,6,Tonga
2006-11-29T01:32:17.920Z,2.52,128.283,39,6.2,Indonesia
